TIME,KTB_3Y,CORP_AA_3Y,SPREAD,SPREAD_BP
20210830,1.398,1.832,0.434,43.4
20210831,1.395,1.829,0.434,43.4
20210901,1.417,1.848,0.431,43.1
20210902,1.422,1.855,0.433,43.3
20210903,1.437,1.865,0.428,42.8
20210906,1.459,1.881,0.422,42.2
20210907,1.464,1.888,0.424,42.4
20210908,1.489,1.908,0.419,41.9
20210909,1.499,1.921,0.422,42.2
20210910,1.501,1.936,0.435,43.5
20210913,1.525,1.962,0.437,43.7
20210914,1.535,1.975,0.44,44.0
20210915,1.492,1.942,0.45,45.0
20210916,1.51,1.958,0.448,44.8
20210917,1.535,1.978,0.443,44.3
20210923,1.558,1.996,0.438,43.8
20210924,1.575,2.017,0.442,44.2
20210927,1.566,2.015,0.449,44.9
20210928,1.609,2.061,0.452,45.2
20210929,1.603,2.057,0.454,45.4
20210930,1.593,2.049,0.456,45.6
20211001,1.633,2.087,0.454,45.4
20211005,1.65,2.101,0.451,45.1
20211006,1.719,2.171,0.452,45.2
20211007,1.704,2.158,0.454,45.4
20211008,1.701,2.156,0.455,45.5
20211012,1.815,2.262,0.447,44.7
20211013,1.824,2.27,0.446,44.6
20211014,1.813,2.261,0.448,44.8
20211015,1.795,2.249,0.454,45.4
20211018,1.875,2.333,0.458,45.8
20211019,1.866,2.325,0.459,45.9
20211020,1.847,2.318,0.471,47.1
20211021,1.836,2.31,0.474,47.4
20211022,1.889,2.362,0.473,47.3
20211025,1.919,2.387,0.468,46.8
20211026,1.947,2.423,0.476,47.6
20211027,2.044,2.506,0.462,46.2
20211028,2.017,2.487,0.47,47.0
20211029,2.103,2.573,0.47,47.0
20211101,2.108,2.58,0.472,47.2
20211102,2.038,2.542,0.504,50.4
20211103,2.036,2.539,0.503,50.3
20211104,2.04,2.544,0.504,50.4
20211105,1.944,2.468,0.524,52.4
20211108,1.906,2.438,0.532,53.2
20211109,1.865,2.403,0.538,53.8
20211110,1.877,2.417,0.54,54.0
20211111,1.913,2.453,0.54,54.0
20211112,1.968,2.499,0.531,53.1
20211115,1.912,2.457,0.545,54.5
20211116,1.963,2.505,0.542,54.2
20211117,1.974,2.517,0.543,54.3
20211118,1.953,2.501,0.548,54.8
20211119,1.966,2.513,0.547,54.7
20211122,2.018,2.563,0.545,54.5
20211123,2.031,2.582,0.551,55.1
20211124,2.013,2.569,0.556,55.6
20211125,1.933,2.499,0.566,56.6
20211126,1.863,2.433,0.57,57.0
20211129,1.844,2.418,0.574,57.4
20211130,1.799,2.373,0.574,57.4
20211201,1.813,2.385,0.572,57.2
20211202,1.845,2.406,0.561,56.1
20211203,1.9,2.464,0.564,56.4
20211206,1.865,2.436,0.571,57.1
20211207,1.872,2.446,0.574,57.4
20211208,1.831,2.409,0.578,57.8
20211209,1.794,2.385,0.591,59.1
20211210,1.805,2.399,0.594,59.4
20211213,1.79,2.402,0.612,61.2
20211214,1.784,2.402,0.618,61.8
20211215,1.808,2.43,0.622,62.2
20211216,1.766,2.398,0.632,63.2
20211217,1.767,2.398,0.631,63.1
20211220,1.74,2.372,0.632,63.2
20211221,1.72,2.355,0.635,63.5
20211222,1.757,2.392,0.635,63.5
20211223,1.805,2.441,0.636,63.6
20211224,1.798,2.438,0.64,64.0
20211227,1.776,2.411,0.635,63.5
20211228,1.786,2.417,0.631,63.1
20211229,1.783,2.409,0.626,62.6
20211230,1.799,2.417,0.618,61.8
20211231,1.798,2.415,0.617,61.7
20220103,1.855,2.46,0.605,60.5
20220104,1.868,2.474,0.606,60.6
20220105,1.913,2.506,0.593,59.3
20220106,2.013,2.59,0.577,57.7
20220107,2.015,2.593,0.578,57.8
20220110,2.058,2.624,0.566,56.6
20220111,2.038,2.611,0.573,57.3
20220112,1.998,2.576,0.578,57.8
20220113,1.953,2.537,0.584,58.4
20220114,2.044,2.6,0.556,55.6
20220117,2.148,2.699,0.551,55.1
20220118,2.127,2.685,0.558,55.8
20220119,2.073,2.645,0.572,57.2
20220120,2.119,2.684,0.565,56.5
20220121,2.132,2.693,0.561,56.1
20220124,2.112,2.675,0.563,56.3
20220125,2.174,2.725,0.551,55.1
20220126,2.156,2.713,0.557,55.7
20220127,2.217,2.781,0.564,56.4
20220128,2.189,2.765,0.576,57.6
20220203,2.158,2.733,0.575,57.5
20220204,2.194,2.771,0.577,57.7
20220207,2.237,2.815,0.578,57.8
20220208,2.303,2.867,0.564,56.4
20220209,2.279,2.857,0.578,57.8
20220210,2.264,2.85,0.586,58.6
20220211,2.343,2.921,0.578,57.8
20220214,2.347,2.926,0.579,57.9
20220215,2.345,2.928,0.583,58.3
20220216,2.325,2.913,0.588,58.8
20220217,2.295,2.895,0.6,60.0
20220218,2.322,2.916,0.594,59.4
20220221,2.363,2.949,0.586,58.6
20220222,2.327,2.916,0.589,58.9
20220223,2.317,2.913,0.596,59.6
20220224,2.226,2.83,0.604,60.4
20220225,2.244,2.854,0.61,61.0
20220228,2.242,2.855,0.613,61.3
20220302,2.187,2.813,0.626,62.6
20220303,2.195,2.835,0.64,64.0
20220304,2.214,2.848,0.634,63.4
20220307,2.288,2.922,0.634,63.4
20220308,2.287,2.931,0.644,64.4
20220310,2.267,2.933,0.666,66.6
20220311,2.255,2.92,0.665,66.5
20220314,2.283,2.947,0.664,66.4
20220315,2.285,2.965,0.68,68.0
20220316,2.268,2.948,0.68,68.0
20220317,2.217,2.902,0.685,68.5
20220318,2.231,2.911,0.68,68.0
20220321,2.268,2.944,0.676,67.6
20220322,2.399,3.045,0.646,64.6
20220323,2.426,3.073,0.647,64.7
20220324,2.455,3.104,0.649,64.9
20220325,2.505,3.163,0.658,65.8
20220328,2.747,3.394,0.647,64.7
20220329,2.7,3.361,0.661,66.1
20220330,2.615,3.291,0.676,67.6
20220331,2.663,3.34,0.677,67.7
20220401,2.784,3.458,0.674,67.4
20220404,2.837,3.499,0.662,66.2
20220405,2.879,3.542,0.663,66.3
20220406,2.941,3.592,0.651,65.1
20220407,2.905,3.562,0.657,65.7
20220408,2.987,3.636,0.649,64.9
20220411,3.186,3.813,0.627,62.7
20220412,3.105,3.774,0.669,66.9
20220413,3.001,3.688,0.687,68.7
20220414,2.888,3.583,0.695,69.5
20220415,2.944,3.64,0.696,69.6
20220418,2.99,3.689,0.699,69.9
20220419,2.981,3.671,0.69,69.0
20220420,2.957,3.662,0.705,70.5
20220421,2.927,3.647,0.72,72.0
20220422,2.971,3.688,0.717,71.7
20220425,2.857,3.602,0.745,74.5
20220426,2.83,3.584,0.754,75.4
20220427,2.899,3.595,0.696,69.6
20220428,2.925,3.636,0.711,71.1
20220429,2.958,3.68,0.722,72.2
20220502,3.086,3.794,0.708,70.8
20220503,3.139,3.855,0.716,71.6
20220504,3.178,3.887,0.709,70.9
20220506,3.146,3.873,0.727,72.7
20220509,3.062,3.8,0.738,73.8
20220510,3.046,3.783,0.737,73.7
20220511,2.928,3.691,0.763,76.3
20220512,2.9,3.657,0.757,75.7
20220513,2.911,3.673,0.762,76.2
20220516,3.046,3.781,0.735,73.5
20220517,3.031,3.784,0.753,75.3
20220518,3.069,3.832,0.763,76.3
20220519,3.046,3.821,0.775,77.5
20220520,3.011,3.784,0.773,77.3
20220523,3.018,3.796,0.778,77.8
20220524,2.967,3.742,0.775,77.5
20220525,2.946,3.72,0.774,77.4
20220526,2.955,3.733,0.778,77.8
20220527,2.947,3.728,0.781,78.1
20220530,2.942,3.724,0.782,78.2
20220531,3.027,3.807,0.78,78.0
20220602,3.125,3.897,0.772,77.2
20220603,3.121,3.896,0.775,77.5
20220607,3.232,4.001,0.769,76.9
20220608,3.209,3.982,0.773,77.3
20220609,3.171,3.958,0.787,78.7
20220610,3.275,3.996,0.721,72.1
20220613,3.514,4.222,0.708,70.8
20220614,3.548,4.27,0.722,72.2
20220615,3.666,4.371,0.705,70.5
20220616,3.728,4.437,0.709,70.9
20220617,3.745,4.468,0.723,72.3
20220620,3.675,4.414,0.739,73.9
20220621,3.663,4.402,0.739,73.9
20220622,3.522,4.275,0.753,75.3
20220623,3.608,4.363,0.755,75.5
20220624,3.523,4.297,0.774,77.4
20220627,3.568,4.344,0.776,77.6
20220628,3.552,4.339,0.787,78.7
20220629,3.552,4.359,0.807,80.7
20220630,3.55,4.361,0.811,81.1
20220701,3.439,4.257,0.818,81.8
20220704,3.43,4.247,0.817,81.7
20220705,3.301,4.128,0.827,82.7
20220706,3.239,4.086,0.847,84.7
20220707,3.262,4.113,0.851,85.1
20220708,3.315,4.186,0.871,87.1
20220711,3.324,4.198,0.874,87.4
20220712,3.291,4.158,0.867,86.7
20220713,3.211,4.094,0.883,88.3
20220714,3.26,4.139,0.879,87.9
20220715,3.205,4.091,0.886,88.6
20220718,3.212,4.104,0.892,89.2
20220719,3.192,4.092,0.9,90.0
20220720,3.296,4.197,0.901,90.1
20220721,3.294,4.202,0.908,90.8
20220722,3.218,4.135,0.917,91.7
20220725,3.153,4.082,0.929,92.9
20220726,3.121,4.063,0.942,94.2
20220727,3.09,4.033,0.943,94.3
20220728,3.13,4.082,0.952,95.2
20220729,3.009,3.969,0.96,96.0
20220801,3.081,4.043,0.962,96.2
20220802,3.012,3.983,0.971,97.1
20220803,3.065,4.045,0.98,98.0
20220804,3.114,4.091,0.977,97.7
20220805,3.079,4.056,0.977,97.7
20220808,3.134,4.113,0.979,97.9
20220809,3.134,4.119,0.985,98.5
20220810,3.154,4.133,0.979,97.9
20220811,3.124,4.111,0.987,98.7
20220812,3.181,4.159,0.978,97.8
20220816,3.078,4.057,0.979,97.9
20220817,3.087,4.076,0.989,98.9
20220818,3.125,4.114,0.989,98.9
20220819,3.197,4.186,0.989,98.9
20220822,3.245,4.235,0.99,99.0
20220823,3.281,4.27,0.989,98.9
20220824,3.311,4.298,0.987,98.7
20220825,3.531,4.507,0.976,97.6
20220826,3.525,4.499,0.974,97.4
20220829,3.653,4.621,0.968,96.8
20220830,3.642,4.618,0.976,97.6
20220831,3.685,4.658,0.973,97.3
20220901,3.778,4.747,0.969,96.9
20220902,3.678,4.655,0.977,97.7
20220905,3.616,4.596,0.98,98.0
20220906,3.682,4.662,0.98,98.0
20220907,3.685,4.668,0.983,98.3
20220908,3.543,4.541,0.998,99.8
20220913,3.536,4.525,0.989,98.9
20220914,3.585,4.579,0.994,99.4
20220915,3.77,4.759,0.989,98.9
20220916,3.767,4.758,0.991,99.1
20220919,3.759,4.751,0.992,99.2
20220920,3.823,4.806,0.983,98.3
20220921,3.847,4.843,0.996,99.6
20220922,4.104,5.092,0.988,98.8
20220923,4.199,5.189,0.99,99.0
20220926,4.548,5.528,0.98,98.0
20220927,4.304,5.308,1.004,100.4
20220928,4.338,5.342,1.004,100.4
20220929,4.303,5.378,1.075,107.5
20220930,4.186,5.28,1.094,109.4
20221004,4.081,5.175,1.094,109.4
20221005,4.157,5.242,1.085,108.5
20221006,4.145,5.231,1.086,108.6
20221007,4.276,5.358,1.082,108.2
20221011,4.342,5.436,1.094,109.4
20221012,4.107,5.21,1.103,110.3
20221013,4.203,5.31,1.107,110.7
20221014,4.207,5.32,1.113,111.3
20221017,4.239,5.373,1.134,113.4
20221018,4.242,5.408,1.166,116.6
20221019,4.331,5.533,1.202,120.2
20221020,4.35,5.588,1.238,123.8
20221021,4.495,5.736,1.241,124.1
20221024,4.305,5.592,1.287,128.7
20221025,4.221,5.528,1.307,130.7
20221026,4.208,5.553,1.345,134.5
20221027,4.254,5.62,1.366,136.6
20221028,4.112,5.487,1.375,137.5
20221031,4.185,5.58,1.395,139.5
20221101,4.068,5.486,1.418,141.8
20221102,4.095,5.533,1.438,143.8
20221103,4.158,5.616,1.458,145.8
20221104,4.118,5.591,1.473,147.3
20221107,4.186,5.662,1.476,147.6
20221108,4.156,5.642,1.486,148.6
20221109,4.086,5.594,1.508,150.8
20221110,4.033,5.551,1.518,151.8
20221111,3.834,5.361,1.527,152.7
20221114,3.85,5.42,1.57,157.0
20221115,3.753,5.346,1.593,159.3
20221116,3.808,5.416,1.608,160.8
20221117,3.804,5.427,1.623,162.3
20221118,3.787,5.429,1.642,164.2
20221121,3.837,5.492,1.655,165.5
20221122,3.844,5.516,1.672,167.2
20221123,3.849,5.536,1.687,168.7
20221124,3.689,5.402,1.713,171.3
20221125,3.644,5.376,1.732,173.2
20221128,3.669,5.405,1.736,173.6
20221129,3.723,5.468,1.745,174.5
20221130,3.689,5.445,1.756,175.6
20221201,3.65,5.422,1.772,177.2
20221202,3.616,5.386,1.77,177.0
20221205,3.609,5.37,1.761,176.1
20221206,3.633,5.387,1.754,175.4
20221207,3.672,5.411,1.739,173.9
20221208,3.676,5.412,1.736,173.6
20221209,3.657,5.391,1.734,173.4
20221212,3.623,5.383,1.76,176.0
20221213,3.623,5.374,1.751,175.1
20221214,3.53,5.272,1.742,174.2
20221215,3.536,5.263,1.727,172.7
20221216,3.539,5.227,1.688,168.8
20221219,3.545,5.217,1.672,167.2
20221220,3.685,5.333,1.648,164.8
20221221,3.638,5.272,1.634,163.4
20221222,3.567,5.192,1.625,162.5
20221223,3.623,5.215,1.592,159.2
20221226,3.663,5.235,1.572,157.2
20221227,3.662,5.219,1.557,155.7
20221228,3.668,5.203,1.535,153.5
20221229,3.719,5.238,1.519,151.9
20221230,3.722,5.231,1.509,150.9
20230102,3.782,5.262,1.48,148.0
20230103,3.661,5.131,1.47,147.0
20230104,3.632,5.078,1.446,144.6
20230105,3.644,5.06,1.416,141.6
20230106,3.681,5.062,1.381,138.1
20230109,3.577,4.93,1.353,135.3
20230110,3.556,4.887,1.331,133.1
20230111,3.472,4.784,1.312,131.2
20230112,3.466,4.73,1.264,126.4
20230113,3.369,4.62,1.251,125.1
20230116,3.454,4.661,1.207,120.7
20230117,3.484,4.677,1.193,119.3
20230118,3.39,4.56,1.17,117.0
20230119,3.248,4.403,1.155,115.5
20230120,3.33,4.453,1.123,112.3
20230125,3.285,4.4,1.115,111.5
20230126,3.273,4.361,1.088,108.8
20230127,3.304,4.364,1.06,106.0
20230130,3.271,4.31,1.039,103.9
20230131,3.325,4.344,1.019,101.9
20230201,3.263,4.268,1.005,100.5
20230202,3.183,4.177,0.994,99.4
20230203,3.11,4.081,0.971,97.1
20230206,3.283,4.237,0.954,95.4
20230207,3.315,4.244,0.929,92.9
20230208,3.339,4.244,0.905,90.5
20230209,3.401,4.254,0.853,85.3
20230210,3.398,4.231,0.833,83.3
20230213,3.452,4.252,0.8,80.0
20230214,3.429,4.207,0.778,77.8
20230215,3.502,4.255,0.753,75.3
20230216,3.504,4.239,0.735,73.5
20230217,3.639,4.345,0.706,70.6
20230220,3.677,4.369,0.692,69.2
20230221,3.623,4.324,0.701,70.1
20230222,3.645,4.342,0.697,69.7
20230223,3.599,4.311,0.712,71.2
20230224,3.555,4.255,0.7,70.0
20230227,3.683,4.366,0.683,68.3
20230228,3.797,4.484,0.687,68.7
20230302,3.878,4.558,0.68,68.0
20230303,3.791,4.471,0.68,68.0
20230306,3.774,4.458,0.684,68.4
20230307,3.726,4.41,0.684,68.4
20230308,3.855,4.534,0.679,67.9
20230309,3.858,4.54,0.682,68.2
20230310,3.703,4.396,0.693,69.3
20230313,3.435,4.149,0.714,71.4
20230314,3.381,4.085,0.704,70.4
20230315,3.473,4.169,0.696,69.6
20230316,3.4,4.098,0.698,69.8
20230317,3.415,4.11,0.695,69.5
20230320,3.264,3.986,0.722,72.2
20230321,3.294,4.016,0.722,72.2
20230322,3.284,4.014,0.73,73.0
20230323,3.206,3.97,0.764,76.4
20230324,3.16,3.928,0.768,76.8
20230327,3.22,3.989,0.769,76.9
20230328,3.258,4.029,0.771,77.1
20230329,3.249,4.027,0.778,77.8
20230330,3.24,4.035,0.795,79.5
20230331,3.27,4.074,0.804,80.4
20230403,3.342,4.139,0.797,79.7
20230404,3.279,4.081,0.802,80.2
20230405,3.264,4.072,0.808,80.8
20230406,3.211,4.022,0.811,81.1
20230407,3.24,4.049,0.809,80.9
20230410,3.192,4.004,0.812,81.2
20230411,3.231,4.041,0.81,81.0
20230412,3.233,4.042,0.809,80.9
20230413,3.199,4.009,0.81,81.0
20230414,3.215,4.022,0.807,80.7
20230417,3.287,4.092,0.805,80.5
20230418,3.294,4.101,0.807,80.7
20230419,3.337,4.146,0.809,80.9
20230420,3.334,4.146,0.812,81.2
20230421,3.267,4.083,0.816,81.6
20230424,3.23,4.051,0.821,82.1
20230425,3.265,4.076,0.811,81.1
20230426,3.259,4.069,0.81,81.0
20230427,3.288,4.094,0.806,80.6
20230428,3.293,4.105,0.812,81.2
20230502,3.335,4.14,0.805,80.5
20230503,3.281,4.094,0.813,81.3
20230504,3.21,4.03,0.82,82.0
20230508,3.261,4.079,0.818,81.8
20230509,3.256,4.069,0.813,81.3
20230510,3.273,4.086,0.813,81.3
20230511,3.22,4.032,0.812,81.2
20230512,3.225,4.035,0.81,81.0
20230515,3.279,4.089,0.81,81.0
20230516,3.242,4.056,0.814,81.4
20230517,3.274,4.084,0.81,81.0
20230518,3.316,4.123,0.807,80.7
20230519,3.34,4.148,0.808,80.8
20230522,3.321,4.127,0.806,80.6
20230523,3.373,4.181,0.808,80.8
20230524,3.378,4.183,0.805,80.5
20230525,3.48,4.28,0.8,80.0
20230526,3.524,4.328,0.804,80.4
20230530,3.56,4.359,0.799,79.9
20230531,3.459,4.262,0.803,80.3
20230601,3.478,4.285,0.807,80.7
20230602,3.436,4.244,0.808,80.8
20230605,3.502,4.307,0.805,80.5
20230607,3.471,4.273,0.802,80.2
20230608,3.543,4.344,0.801,80.1
20230609,3.506,4.309,0.803,80.3
20230612,3.493,4.302,0.809,80.9
20230613,3.484,4.297,0.813,81.3
20230614,3.545,4.356,0.811,81.1
20230615,3.626,4.437,0.811,81.1
20230616,3.585,4.395,0.81,81.0
20230619,3.583,4.39,0.807,80.7
20230620,3.567,4.38,0.813,81.3
20230621,3.571,4.378,0.807,80.7
20230622,3.592,4.4,0.808,80.8
20230623,3.609,4.419,0.81,81.0
20230626,3.568,4.375,0.807,80.7
20230627,3.538,4.348,0.81,81.0
20230628,3.557,4.365,0.808,80.8
20230629,3.584,4.391,0.807,80.7
20230630,3.662,4.473,0.811,81.1
20230703,3.613,4.421,0.808,80.8
20230704,3.619,4.429,0.81,81.0
20230705,3.618,4.425,0.807,80.7
20230706,3.676,4.475,0.799,79.9
20230707,3.735,4.534,0.799,79.9
20230710,3.795,4.594,0.799,79.9
20230711,3.703,4.502,0.799,79.9
20230712,3.704,4.512,0.808,80.8
20230713,3.602,4.408,0.806,80.6
20230714,3.614,4.42,0.806,80.6
20230717,3.611,4.414,0.803,80.3
20230718,3.596,4.398,0.802,80.2
20230719,3.543,4.341,0.798,79.8
20230720,3.581,4.379,0.798,79.8
20230721,3.602,4.399,0.797,79.7
20230724,3.617,4.41,0.793,79.3
20230725,3.645,4.435,0.79,79.0
20230726,3.627,4.413,0.786,78.6
20230727,3.587,4.374,0.787,78.7
20230728,3.635,4.423,0.788,78.8
20230731,3.681,4.467,0.786,78.6
20230801,3.647,4.435,0.788,78.8
20230802,3.677,4.466,0.789,78.9
20230803,3.714,4.496,0.782,78.2
20230804,3.738,4.519,0.781,78.1
20230807,3.689,4.468,0.779,77.9
20230808,3.647,4.424,0.777,77.7
20230809,3.672,4.448,0.776,77.6
20230810,3.687,4.464,0.777,77.7
20230811,3.698,4.475,0.777,77.7
20230814,3.747,4.52,0.773,77.3
20230816,3.712,4.488,0.776,77.6
20230817,3.788,4.561,0.773,77.3
20230818,3.729,4.501,0.772,77.2
20230821,3.795,4.563,0.768,76.8
20230822,3.802,4.569,0.767,76.7
20230823,3.771,4.536,0.765,76.5
20230824,3.759,4.524,0.765,76.5
20230825,3.789,4.554,0.765,76.5
20230828,3.759,4.524,0.765,76.5
20230829,3.74,4.503,0.763,76.3
20230830,3.732,4.496,0.764,76.4
20230831,3.711,4.473,0.762,76.2
20230901,3.689,4.447,0.758,75.8
20230904,3.738,4.498,0.76,76.0
20230905,3.765,4.527,0.762,76.2
20230906,3.765,4.521,0.756,75.6
20230907,3.847,4.599,0.752,75.2
20230908,3.795,4.552,0.757,75.7
20230911,3.865,4.622,0.757,75.7
20230912,3.863,4.621,0.758,75.8
20230913,3.853,4.617,0.764,76.4
20230914,3.836,4.596,0.76,76.0
20230915,3.85,4.608,0.758,75.8
20230918,3.891,4.648,0.757,75.7
20230919,3.887,4.641,0.754,75.4
20230920,3.89,4.645,0.755,75.5
20230921,3.93,4.689,0.759,75.9
20230922,3.876,4.65,0.774,77.4
20230925,3.876,4.64,0.764,76.4
20230926,3.891,4.654,0.763,76.3
20230927,3.884,4.658,0.774,77.4
20231004,4.108,4.871,0.763,76.3
20231005,4.081,4.855,0.774,77.4
20231006,4.015,4.796,0.781,78.1
20231010,3.997,4.777,0.78,78.0
20231011,3.953,4.735,0.782,78.2
20231012,3.932,4.719,0.787,78.7
20231013,3.957,4.748,0.791,79.1
20231016,3.973,4.769,0.796,79.6
20231017,3.991,4.787,0.796,79.6
20231018,4.031,4.83,0.799,79.9
20231019,4.07,4.872,0.802,80.2
20231020,4.033,4.838,0.805,80.5
20231023,4.055,4.861,0.806,80.6
20231024,4.004,4.81,0.806,80.6
20231025,4.038,4.844,0.806,80.6
20231026,4.104,4.906,0.802,80.2
20231027,4.073,4.884,0.811,81.1
20231030,4.089,4.905,0.816,81.6
20231031,4.085,4.908,0.823,82.3
20231101,4.071,4.9,0.829,82.9
20231102,3.979,4.811,0.832,83.2
20231103,3.949,4.789,0.84,84.0
20231106,3.877,4.721,0.844,84.4
20231107,3.887,4.731,0.844,84.4
20231108,3.868,4.715,0.847,84.7
20231109,3.847,4.695,0.848,84.8
20231110,3.862,4.711,0.849,84.9
20231113,3.877,4.727,0.85,85.0
20231114,3.857,4.704,0.847,84.7
20231115,3.744,4.591,0.847,84.7
20231116,3.701,4.541,0.84,84.0
20231117,3.681,4.504,0.823,82.3
20231120,3.667,4.469,0.802,80.2
20231121,3.644,4.436,0.792,79.2
20231122,3.666,4.45,0.784,78.4
20231123,3.644,4.418,0.774,77.4
20231124,3.677,4.443,0.766,76.6
20231127,3.689,4.448,0.759,75.9
20231128,3.648,4.397,0.749,74.9
20231129,3.554,4.297,0.743,74.3
20231130,3.583,4.319,0.736,73.6
20231201,3.587,4.309,0.722,72.2
20231204,3.531,4.252,0.721,72.1
20231205,3.484,4.197,0.713,71.3
20231206,3.463,4.17,0.707,70.7
20231207,3.511,4.211,0.7,70.0
20231208,3.461,4.167,0.706,70.6
20231211,3.48,4.196,0.716,71.6
20231212,3.446,4.171,0.725,72.5
20231213,3.465,4.186,0.721,72.1
20231214,3.258,3.98,0.722,72.2
20231215,3.281,4.01,0.729,72.9
20231218,3.277,4.005,0.728,72.8
20231219,3.296,4.022,0.726,72.6
20231220,3.232,3.975,0.743,74.3
20231221,3.236,3.975,0.739,73.9
20231222,3.234,3.972,0.738,73.8
20231226,3.221,3.962,0.741,74.1
20231227,3.22,3.958,0.738,73.8
20231228,3.154,3.898,0.744,74.4
20231229,3.154,3.898,0.744,74.4
20240102,3.24,3.98,0.74,74.0
20240103,3.278,4.017,0.739,73.9
20240104,3.227,3.977,0.75,75.0
20240105,3.283,4.032,0.749,74.9
20240108,3.297,4.045,0.748,74.8
20240109,3.255,4.004,0.749,74.9
20240110,3.269,4.017,0.748,74.8
20240111,3.227,3.976,0.749,74.9
20240112,3.204,3.953,0.749,74.9
20240115,3.191,3.939,0.748,74.8
20240116,3.235,3.982,0.747,74.7
20240117,3.277,4.025,0.748,74.8
20240118,3.285,4.034,0.749,74.9
20240119,3.307,4.058,0.751,75.1
20240122,3.278,4.03,0.752,75.2
20240123,3.286,4.041,0.755,75.5
20240124,3.3,4.051,0.751,75.1
20240125,3.313,4.061,0.748,74.8
20240126,3.263,4.01,0.747,74.7
20240129,3.304,4.051,0.747,74.7
20240130,3.268,4.009,0.741,74.1
20240131,3.261,4.002,0.741,74.1
20240201,3.267,4.001,0.734,73.4
20240202,3.248,3.982,0.734,73.4
20240205,3.312,4.047,0.735,73.5
20240206,3.292,4.028,0.736,73.6
20240207,3.286,4.019,0.733,73.3
20240208,3.305,4.034,0.729,72.9
20240213,3.353,4.074,0.721,72.1
20240214,3.425,4.141,0.716,71.6
20240215,3.405,4.117,0.712,71.2
20240216,3.405,4.115,0.71,71.0
20240219,3.397,4.102,0.705,70.5
20240220,3.405,4.105,0.7,70.0
20240221,3.402,4.09,0.688,68.8
20240222,3.342,4.023,0.681,68.1
20240223,3.374,4.045,0.671,67.1
20240226,3.34,4.005,0.665,66.5
20240227,3.364,4.025,0.661,66.1
20240228,3.359,4.015,0.656,65.6
20240229,3.385,4.037,0.652,65.2
20240304,3.36,4.008,0.648,64.8
20240305,3.349,3.992,0.643,64.3
20240306,3.325,3.962,0.637,63.7
20240307,3.321,3.959,0.638,63.8
20240308,3.271,3.91,0.639,63.9
20240311,3.275,3.914,0.639,63.9
20240312,3.273,3.917,0.644,64.4
20240313,3.251,3.899,0.648,64.8
20240314,3.273,3.922,0.649,64.9
20240315,3.308,3.953,0.645,64.5
20240318,3.348,3.993,0.645,64.5
20240319,3.383,4.022,0.639,63.9
20240320,3.371,4.006,0.635,63.5
20240321,3.306,3.942,0.636,63.6
20240322,3.284,3.918,0.634,63.4
20240325,3.29,3.915,0.625,62.5
20240326,3.301,3.923,0.622,62.2
20240327,3.288,3.903,0.615,61.5
20240328,3.293,3.903,0.61,61.0
20240329,3.322,3.926,0.604,60.4
20240401,3.291,3.896,0.605,60.5
20240402,3.333,3.926,0.593,59.3
20240403,3.341,3.927,0.586,58.6
20240404,3.338,3.919,0.581,58.1
20240405,3.329,3.902,0.573,57.3
20240408,3.383,3.945,0.562,56.2
20240409,3.391,3.953,0.562,56.2
20240411,3.466,4.016,0.55,55.0
20240412,3.403,3.961,0.558,55.8
20240415,3.44,3.983,0.543,54.3
20240416,3.469,4.01,0.541,54.1
20240417,3.475,4.007,0.532,53.2
20240418,3.427,3.96,0.533,53.3
20240419,3.468,3.982,0.514,51.4
20240422,3.512,4.019,0.507,50.7
20240423,3.489,3.992,0.503,50.3
20240424,3.509,4.004,0.495,49.5
20240425,3.543,4.029,0.486,48.6
20240426,3.531,4.012,0.481,48.1
20240429,3.552,4.024,0.472,47.2
20240430,3.529,3.995,0.466,46.6
20240502,3.509,3.972,0.463,46.3
20240503,3.5,3.958,0.458,45.8
20240507,3.448,3.912,0.464,46.4
20240508,3.439,3.901,0.462,46.2
20240509,3.453,3.913,0.46,46.0
20240510,3.44,3.894,0.454,45.4
20240513,3.452,3.904,0.452,45.2
20240514,3.454,3.9,0.446,44.6
20240516,3.375,3.82,0.445,44.5
20240517,3.379,3.825,0.446,44.6
20240520,3.412,3.853,0.441,44.1
20240521,3.411,3.853,0.442,44.2
20240522,3.409,3.848,0.439,43.9
20240523,3.402,3.84,0.438,43.8
20240524,3.423,3.861,0.438,43.8
20240527,3.413,3.851,0.438,43.8
20240528,3.394,3.828,0.434,43.4
20240529,3.425,3.855,0.43,43.0
20240530,3.44,3.867,0.427,42.7
20240531,3.452,3.871,0.419,41.9
20240603,3.434,3.853,0.419,41.9
20240604,3.39,3.81,0.42,42.0
20240605,3.345,3.771,0.426,42.6
20240607,3.308,3.736,0.428,42.8
20240610,3.353,3.782,0.429,42.9
20240611,3.341,3.775,0.434,43.4
20240612,3.307,3.745,0.438,43.8
20240613,3.277,3.718,0.441,44.1
20240614,3.252,3.694,0.442,44.2
20240617,3.212,3.662,0.45,45.0
20240618,3.214,3.666,0.452,45.2
20240619,3.162,3.62,0.458,45.8
20240620,3.196,3.648,0.452,45.2
20240621,3.176,3.637,0.461,46.1
20240624,3.194,3.656,0.462,46.2
20240625,3.201,3.662,0.461,46.1
20240626,3.215,3.676,0.461,46.1
20240627,3.22,3.684,0.464,46.4
20240628,3.182,3.658,0.476,47.6
20240701,3.21,3.681,0.471,47.1
20240702,3.169,3.634,0.465,46.5
20240703,3.16,3.624,0.464,46.4
20240704,3.128,3.591,0.463,46.3
20240705,3.115,3.582,0.467,46.7
20240708,3.119,3.58,0.461,46.1
20240709,3.114,3.572,0.458,45.8
20240710,3.12,3.576,0.456,45.6
20240711,3.163,3.614,0.451,45.1
20240712,3.101,3.552,0.451,45.1
20240715,3.076,3.538,0.462,46.2
20240716,3.035,3.496,0.461,46.1
20240717,3.05,3.509,0.459,45.9
20240718,3.058,3.513,0.455,45.5
20240719,3.074,3.525,0.451,45.1
20240722,3.071,3.522,0.451,45.1
20240723,3.084,3.533,0.449,44.9
20240724,3.046,3.509,0.463,46.3
20240725,3.024,3.484,0.46,46.0
20240726,3.024,3.482,0.458,45.8
20240729,2.978,3.434,0.456,45.6
20240730,2.994,3.451,0.457,45.7
20240731,3.004,3.459,0.455,45.5
20240801,2.976,3.431,0.455,45.5
20240802,2.939,3.394,0.455,45.5
20240805,2.806,3.271,0.465,46.5
20240806,2.935,3.398,0.463,46.3
20240807,2.929,3.397,0.468,46.8
20240808,2.911,3.38,0.469,46.9
20240809,2.941,3.409,0.468,46.8
20240812,2.946,3.421,0.475,47.5
20240813,2.918,3.395,0.477,47.7
20240814,2.888,3.37,0.482,48.2
20240816,2.928,3.415,0.487,48.7
20240819,2.927,3.424,0.497,49.7
20240820,2.944,3.442,0.498,49.8
20240821,2.94,3.439,0.499,49.9
20240822,2.907,3.422,0.515,51.5
20240823,2.92,3.439,0.519,51.9
20240826,2.89,3.414,0.524,52.4
20240827,2.94,3.465,0.525,52.5
20240828,2.919,3.456,0.537,53.7
20240829,2.939,3.484,0.545,54.5
20240830,2.953,3.503,0.55,55.0
20240902,2.989,3.542,0.553,55.3
20240903,2.981,3.545,0.564,56.4
20240904,2.931,3.497,0.566,56.6
20240905,2.905,3.48,0.575,57.5
20240906,2.881,3.46,0.579,57.9
20240909,2.897,3.471,0.574,57.4
20240910,2.877,3.451,0.574,57.4
20240911,2.82,3.406,0.586,58.6
20240912,2.866,3.449,0.583,58.3
20240913,2.822,3.41,0.588,58.8
20240919,2.843,3.432,0.589,58.9
20240920,2.838,3.426,0.588,58.8
20240923,2.864,3.449,0.585,58.5
20240924,2.854,3.439,0.585,58.5
20240925,2.812,3.401,0.589,58.9
20240926,2.807,3.395,0.588,58.8
20240927,2.826,3.409,0.583,58.3
20240930,2.811,3.397,0.586,58.6
20241002,2.78,3.37,0.59,59.0
20241004,2.824,3.415,0.591,59.1
20241007,2.96,3.546,0.586,58.6
20241008,2.932,3.517,0.585,58.5
20241010,2.962,3.542,0.58,58.0
20241011,2.947,3.523,0.576,57.6
20241014,2.938,3.509,0.571,57.1
20241015,2.906,3.475,0.569,56.9
20241016,2.88,3.452,0.572,57.2
20241017,2.897,3.467,0.57,57.0
20241018,2.908,3.48,0.572,57.2
20241021,2.902,3.471,0.569,56.9
20241022,2.943,3.512,0.569,56.9
20241023,2.936,3.508,0.572,57.2
20241024,2.891,3.46,0.569,56.9
20241025,2.882,3.451,0.569,56.9
20241028,2.932,3.503,0.571,57.1
20241029,2.936,3.504,0.568,56.8
20241030,2.937,3.502,0.565,56.5
20241031,2.936,3.503,0.567,56.7
20241101,2.939,3.507,0.568,56.8
20241104,2.935,3.507,0.572,57.2
20241105,2.918,3.491,0.573,57.3
20241106,2.96,3.529,0.569,56.9
20241107,2.922,3.492,0.57,57.0
20241108,2.889,3.461,0.572,57.2
20241111,2.901,3.471,0.57,57.0
20241112,2.9,3.467,0.567,56.7
20241113,2.939,3.501,0.562,56.2
20241114,2.929,3.492,0.563,56.3
20241115,2.941,3.506,0.565,56.5
20241118,2.915,3.482,0.567,56.7
20241119,2.889,3.457,0.568,56.8
20241120,2.873,3.438,0.565,56.5
20241121,2.829,3.396,0.567,56.7
20241122,2.816,3.385,0.569,56.9
20241125,2.773,3.342,0.569,56.9
20241126,2.773,3.343,0.57,57.0
20241127,2.741,3.316,0.575,57.5
20241128,2.638,3.22,0.582,58.2
20241129,2.607,3.194,0.587,58.7
20241202,2.567,3.156,0.589,58.9
20241203,2.585,3.169,0.584,58.4
20241204,2.626,3.21,0.584,58.4
20241205,2.603,3.194,0.591,59.1
20241206,2.62,3.212,0.592,59.2
20241209,2.579,3.173,0.594,59.4
20241210,2.524,3.175,0.651,65.1
20241211,2.536,3.188,0.652,65.2
20241212,2.549,3.2,0.651,65.1
20241213,2.541,3.197,0.656,65.6
20241216,2.553,3.212,0.659,65.9
20241217,2.621,3.279,0.658,65.8
20241218,2.536,3.203,0.667,66.7
20241219,2.603,3.275,0.672,67.2
20241220,2.629,3.3,0.671,67.1
20241223,2.616,3.292,0.676,67.6
20241224,2.626,3.308,0.682,68.2
20241226,2.648,3.33,0.682,68.2
20241227,2.634,3.321,0.687,68.7
20241230,2.597,3.285,0.688,68.8
20241231,2.596,3.284,0.688,68.8
20250102,2.507,3.197,0.69,69.0
20250103,2.482,3.17,0.688,68.8
20250106,2.524,3.202,0.678,67.8
20250107,2.508,3.187,0.679,67.9
20250108,2.505,3.182,0.677,67.7
20250109,2.5,3.174,0.674,67.4
20250110,2.561,3.22,0.659,65.9
20250113,2.664,3.306,0.642,64.2
20250114,2.646,3.292,0.646,64.6
20250115,2.675,3.315,0.64,64.0
20250116,2.626,3.276,0.65,65.0
20250117,2.588,3.241,0.653,65.3
20250120,2.623,3.268,0.645,64.5
20250121,2.579,3.227,0.648,64.8
20250122,2.577,3.227,0.65,65.0
20250123,2.578,3.218,0.64,64.0
20250124,2.57,3.21,0.64,64.0
20250131,2.573,3.204,0.631,63.1
20250203,2.572,3.196,0.624,62.4
20250204,2.584,3.208,0.624,62.4
20250205,2.578,3.198,0.62,62.0
20250206,2.582,3.196,0.614,61.4
20250207,2.635,3.242,0.607,60.7
20250210,2.638,3.239,0.601,60.1
20250211,2.633,3.228,0.595,59.5
20250212,2.651,3.238,0.587,58.7
20250213,2.631,3.227,0.596,59.6
20250214,2.611,3.208,0.597,59.7
20250217,2.623,3.215,0.592,59.2
20250218,2.641,3.224,0.583,58.3
20250219,2.63,3.214,0.584,58.4
20250220,2.628,3.212,0.584,58.4
20250221,2.618,3.2,0.582,58.2
20250224,2.61,3.191,0.581,58.1
20250225,2.596,3.178,0.582,58.2
20250226,2.591,3.168,0.577,57.7
20250227,2.592,3.172,0.58,58.0
20250228,2.566,3.157,0.591,59.1
20250304,2.541,3.132,0.591,59.1
20250305,2.565,3.151,0.586,58.6
20250306,2.594,3.174,0.58,58.0
20250307,2.565,3.144,0.579,57.9
20250310,2.596,3.166,0.57,57.0
20250311,2.56,3.131,0.571,57.1
20250312,2.55,3.127,0.577,57.7
20250313,2.57,3.138,0.568,56.8
20250314,2.596,3.161,0.565,56.5
20250317,2.601,3.171,0.57,57.0
20250318,2.598,3.168,0.57,57.0
20250319,2.621,3.184,0.563,56.3
20250320,2.598,3.168,0.57,57.0
20250321,2.597,3.165,0.568,56.8
20250324,2.604,3.171,0.567,56.7
20250325,2.612,3.179,0.567,56.7
20250326,2.618,3.187,0.569,56.9
20250327,2.622,3.182,0.56,56.0
20250328,2.629,3.184,0.555,55.5
20250331,2.569,3.14,0.571,57.1
20250401,2.581,3.153,0.572,57.2
20250402,2.584,3.151,0.567,56.7
20250403,2.529,3.101,0.572,57.2
20250404,2.461,3.035,0.574,57.4
20250407,2.405,2.986,0.581,58.1
20250408,2.413,2.995,0.582,58.2
20250409,2.434,3.01,0.576,57.6
20250410,2.437,3.017,0.58,58.0
20250411,2.411,2.996,0.585,58.5
20250414,2.408,2.998,0.59,59.0
20250415,2.399,2.984,0.585,58.5
20250416,2.351,2.941,0.59,59.0
20250417,2.385,2.968,0.583,58.3
20250418,2.362,2.942,0.58,58.0
20250421,2.331,2.918,0.587,58.7
20250422,2.33,2.923,0.593,59.3
20250423,2.337,2.927,0.59,59.0
20250424,2.341,2.93,0.589,58.9
20250425,2.305,2.901,0.596,59.6
20250428,2.316,2.909,0.593,59.3
20250429,2.31,2.903,0.593,59.3
20250430,2.267,2.868,0.601,60.1
20250502,2.282,2.872,0.59,59.0
20250507,2.253,2.846,0.593,59.3
20250508,2.281,2.867,0.586,58.6
20250509,2.331,2.91,0.579,57.9
20250512,2.33,2.91,0.58,58.0
20250513,2.37,2.939,0.569,56.9
20250514,2.351,2.924,0.573,57.3
20250515,2.362,2.931,0.569,56.9
20250516,2.319,2.896,0.577,57.7
20250519,2.366,2.935,0.569,56.9
20250520,2.33,2.907,0.577,57.7
20250521,2.345,2.921,0.576,57.6
20250522,2.336,2.917,0.581,58.1
20250523,2.338,2.921,0.583,58.3
20250526,2.348,2.926,0.578,57.8
20250527,2.34,2.913,0.573,57.3
20250528,2.314,2.893,0.579,57.9
20250529,2.341,2.914,0.573,57.3
20250530,2.347,2.917,0.57,57.0
20250602,2.34,2.916,0.576,57.6
20250604,2.414,2.982,0.568,56.8
20250605,2.412,2.973,0.561,56.1
20250609,2.405,2.96,0.555,55.5
20250610,2.385,2.955,0.57,57.0
20250611,2.419,2.974,0.555,55.5
20250612,2.429,2.972,0.543,54.3
20250613,2.462,2.997,0.535,53.5
20250616,2.483,3.016,0.533,53.3
20250617,2.448,2.986,0.538,53.8
20250618,2.472,3.0,0.528,52.8
20250619,2.475,3.005,0.53,53.0
20250620,2.463,2.996,0.533,53.3
20250623,2.498,3.019,0.521,52.1
20250624,2.461,2.983,0.522,52.2
20250625,2.46,2.981,0.521,52.1
20250626,2.454,2.969,0.515,51.5
20250627,2.453,2.967,0.514,51.4
20250630,2.452,2.963,0.511,51.1
20250701,2.454,2.959,0.505,50.5
20250702,2.483,2.981,0.498,49.8
20250703,2.449,2.952,0.503,50.3
20250704,2.467,2.965,0.498,49.8
20250707,2.482,2.973,0.491,49.1
20250708,2.477,2.968,0.491,49.1
20250709,2.478,2.967,0.489,48.9
20250710,2.433,2.928,0.495,49.5
20250711,2.448,2.938,0.49,49.0
20250714,2.474,2.959,0.485,48.5
20250715,2.463,2.953,0.49,49.0
20250716,2.459,2.95,0.491,49.1
20250717,2.479,2.968,0.489,48.9
20250718,2.474,2.961,0.487,48.7
20250721,2.456,2.948,0.492,49.2
20250722,2.463,2.952,0.489,48.9
20250723,2.458,2.95,0.492,49.2
20250724,2.467,2.96,0.493,49.3
20250725,2.485,2.974,0.489,48.9
20250728,2.464,2.958,0.494,49.4
20250729,2.46,2.952,0.492,49.2
20250730,2.454,2.946,0.492,49.2
20250731,2.46,2.952,0.492,49.2
20250801,2.478,2.97,0.492,49.2
20250804,2.421,2.917,0.496,49.6
20250805,2.425,2.917,0.492,49.2
20250806,2.43,2.918,0.488,48.8
20250807,2.408,2.901,0.493,49.3
20250808,2.409,2.902,0.493,49.3
20250811,2.42,2.909,0.489,48.9
20250812,2.431,2.917,0.486,48.6
20250813,2.417,2.907,0.49,49.0
20250814,2.404,2.896,0.492,49.2
20250818,2.426,2.912,0.486,48.6
20250819,2.444,2.924,0.48,48.0
20250820,2.441,2.923,0.482,48.2
20250821,2.438,2.921,0.483,48.3
20250822,2.456,2.932,0.476,47.6
20250825,2.434,2.915,0.481,48.1
20250826,2.422,2.902,0.48,48.0
20250827,2.402,2.887,0.485,48.5
20250828,2.416,2.898,0.482,48.2
20250829,2.426,2.906,0.48,48.0
20250901,2.435,2.913,0.478,47.8
20250902,2.45,2.924,0.474,47.4
20250903,2.475,2.946,0.471,47.1
20250904,2.472,2.943,0.471,47.1
20250905,2.46,2.931,0.471,47.1
20250908,2.448,2.918,0.47,47.0
20250909,2.425,2.898,0.473,47.3
20250910,2.43,2.902,0.472,47.2
20250911,2.42,2.892,0.472,47.2
20250912,2.431,2.901,0.47,47.0
20250915,2.443,2.909,0.466,46.6
20250916,2.417,2.885,0.468,46.8
20250917,2.418,2.881,0.463,46.3
20250918,2.403,2.868,0.465,46.5
20250919,2.441,2.898,0.457,45.7
20250922,2.459,2.912,0.453,45.3
20250923,2.46,2.912,0.452,45.2
20250924,2.489,2.935,0.446,44.6
20250925,2.528,2.969,0.441,44.1
20250926,2.562,3.001,0.439,43.9
20250929,2.563,3.004,0.441,44.1
20250930,2.582,3.022,0.44,44.0
20251001,2.596,3.033,0.437,43.7
20251002,2.581,3.019,0.438,43.8
20251010,2.591,3.026,0.435,43.5
20251013,2.554,2.995,0.441,44.1
20251014,2.533,2.975,0.442,44.2
20251015,2.52,2.966,0.446,44.6
20251016,2.569,3.004,0.435,43.5
20251017,2.555,2.99,0.435,43.5
20251020,2.569,3.004,0.435,43.5
20251021,2.6,3.024,0.424,42.4
20251022,2.572,2.999,0.427,42.7
20251023,2.605,3.027,0.422,42.2
20251024,2.591,3.013,0.422,42.2
20251027,2.62,3.036,0.416,41.6
20251028,2.633,3.047,0.414,41.4
20251029,2.677,3.085,0.408,40.8
20251030,2.732,3.135,0.403,40.3
20251031,2.716,3.122,0.406,40.6
20251103,2.741,3.147,0.406,40.6
20251104,2.729,3.136,0.407,40.7
20251105,2.767,3.169,0.402,40.2
20251106,2.834,3.232,0.398,39.8
20251107,2.894,3.286,0.392,39.2
20251110,2.865,3.261,0.396,39.6
20251111,2.831,3.236,0.405,40.5
20251112,2.923,3.331,0.408,40.8
20251113,2.932,3.345,0.413,41.3
20251114,2.944,3.365,0.421,42.1
20251117,2.914,3.342,0.428,42.8
20251118,2.872,3.309,0.437,43.7
20251119,2.869,3.308,0.439,43.9
20251120,2.908,3.34,0.432,43.2
20251121,2.872,3.308,0.436,43.6
20251124,2.904,3.338,0.434,43.4
20251125,2.902,3.334,0.432,43.2
20251126,2.895,3.328,0.433,43.3
20251127,3.013,3.446,0.433,43.3
20251128,2.991,3.428,0.437,43.7
20251201,3.045,3.481,0.436,43.6
20251202,3.022,3.463,0.441,44.1
20251203,3.041,3.484,0.443,44.3
20251204,3.025,3.474,0.449,44.9
20251205,2.994,3.453,0.459,45.9
20251208,3.034,3.492,0.458,45.8
20251209,3.084,3.545,0.461,46.1
20251210,3.095,3.574,0.479,47.9
20251211,3.101,3.585,0.484,48.4
20251212,3.093,3.582,0.489,48.9
20251215,3.0,3.499,0.499,49.9
20251216,2.999,3.507,0.508,50.8
20251217,2.996,3.507,0.511,51.1
20251218,2.967,3.484,0.517,51.7
20251219,3.01,3.523,0.513,51.3
20251222,2.999,3.513,0.514,51.4
20251223,2.963,3.5,0.537,53.7
20251224,2.939,3.475,0.536,53.6
20251226,2.958,3.489,0.531,53.1
20251229,2.939,3.47,0.531,53.1
20251230,2.952,3.476,0.524,52.4
20251231,2.953,3.476,0.523,52.3
20260102,2.935,3.459,0.524,52.4
20260105,2.933,3.457,0.524,52.4
20260106,2.948,3.46,0.512,51.2
20260107,2.91,3.423,0.513,51.3
20260108,2.902,3.418,0.516,51.6
20260109,2.942,3.445,0.503,50.3
20260112,2.98,3.469,0.489,48.9
20260113,3.003,3.486,0.483,48.3
20260114,2.996,3.481,0.485,48.5
20260115,3.09,3.565,0.475,47.5
20260116,3.08,3.56,0.48,48.0
20260119,3.13,3.599,0.469,46.9
20260120,3.191,3.653,0.462,46.2
20260121,3.138,3.624,0.486,48.6
20260122,3.109,3.615,0.506,50.6
20260123,3.137,3.644,0.507,50.7
20260126,3.096,3.611,0.515,51.5
20260127,3.094,3.607,0.513,51.3
20260128,3.067,3.589,0.522,52.2
20260129,3.106,3.626,0.52,52.0
20260130,3.138,3.658,0.52,52.0
20260202,3.152,3.668,0.516,51.6
20260203,3.189,3.708,0.519,51.9
20260204,3.212,3.731,0.519,51.9
20260205,3.204,3.724,0.52,52.0
20260206,3.233,3.755,0.522,52.2
20260209,3.267,3.787,0.52,52.0
20260210,3.224,3.759,0.535,53.5
20260211,3.2,3.746,0.546,54.6
20260212,3.154,3.716,0.562,56.2
20260213,3.142,3.705,0.563,56.3
20260219,3.178,3.735,0.557,55.7
20260220,3.143,3.718,0.575,57.5
20260223,3.154,3.725,0.571,57.1
20260224,3.158,3.73,0.572,57.2
20260225,3.124,3.705,0.581,58.1
20260226,3.062,3.653,0.591,59.1
20260227,3.041,3.637,0.596,59.6
20260303,3.18,3.769,0.589,58.9
20260304,3.223,3.8,0.577,57.7
20260305,3.189,3.777,0.588,58.8
20260306,3.227,3.815,0.588,58.8
20260309,3.42,3.997,0.577,57.7
20260310,3.283,3.874,0.591,59.1
20260311,3.253,3.845,0.592,59.2
20260312,3.271,3.866,0.595,59.5
20260313,3.338,3.919,0.581,58.1
20260316,3.3,3.887,0.587,58.7
20260317,3.324,3.906,0.582,58.2
20260318,3.261,3.855,0.594,59.4
20260319,3.329,3.915,0.586,58.6
20260320,3.41,3.991,0.581,58.1
20260323,3.617,4.197,0.58,58.0
20260324,3.523,4.121,0.598,59.8
20260325,3.558,4.158,0.6,60.0
20260326,3.552,4.156,0.604,60.4
20260327,3.582,4.182,0.6,60.0
20260330,3.542,4.157,0.615,61.5
20260331,3.552,4.166,0.614,61.4
20260401,3.37,4.011,0.641,64.1
20260402,3.477,4.114,0.637,63.7
20260403,3.448,4.093,0.645,64.5
20260406,3.432,4.081,0.649,64.9
20260407,3.451,4.107,0.656,65.6
20260408,3.315,3.973,0.658,65.8
20260409,3.338,3.999,0.661,66.1
20260410,3.36,4.018,0.658,65.8
20260413,3.382,4.043,0.661,66.1
20260414,3.339,4.005,0.666,66.6
20260415,3.328,3.995,0.667,66.7
20260416,3.34,4.005,0.665,66.5
20260417,3.371,4.037,0.666,66.6
20260420,3.348,4.016,0.668,66.8
20260421,3.33,3.994,0.664,66.4
20260422,3.365,4.028,0.663,66.3
20260423,3.458,4.107,0.649,64.9
20260424,3.496,4.145,0.649,64.9
20260427,3.492,4.147,0.655,65.5
20260428,3.529,4.182,0.653,65.3
20260429,3.525,4.185,0.66,66.0
20260430,3.595,4.248,0.653,65.3
20260504,3.615,4.268,0.653,65.3
20260506,3.595,4.249,0.654,65.4
20260507,3.546,4.199,0.653,65.3
20260508,3.569,4.218,0.649,64.9
20260511,3.598,4.245,0.647,64.7
20260512,3.674,4.311,0.637,63.7
20260513,3.635,4.273,0.638,63.8
20260514,3.654,4.284,0.63,63.0
20260515,3.766,4.391,0.625,62.5
20260518,3.757,4.381,0.624,62.4
20260519,3.751,4.377,0.626,62.6
20260520,3.76,4.386,0.626,62.6
20260521,3.753,4.381,0.628,62.8
20260522,3.736,4.361,0.625,62.5
20260526,3.664,4.295,0.631,63.1
20260527,3.711,4.336,0.625,62.5
20260528,3.766,4.384,0.618,61.8
20260529,3.731,4.353,0.622,62.2
20260601,3.79,4.41,0.62,62.0
20260602,3.773,4.397,0.624,62.4
20260604,3.858,4.48,0.622,62.2
20260605,3.882,4.501,0.619,61.9
20260608,3.94,4.565,0.625,62.5
20260609,3.856,4.492,0.636,63.6
20260610,3.881,4.499,0.618,61.8
20260611,3.904,4.515,0.611,61.1
20260612,3.808,4.433,0.625,62.5
20260615,3.744,4.373,0.629,62.9
20260616,3.717,4.348,0.631,63.1
20260617,3.71,4.345,0.635,63.5
20260618,3.75,4.381,0.631,63.1
20260619,3.784,4.419,0.635,63.5
20260622,3.81,4.442,0.632,63.2
20260623,3.77,4.417,0.647,64.7
20260624,3.772,4.428,0.656,65.6
20260625,3.757,4.403,0.646,64.6
20260626,3.722,4.38,0.658,65.8
20260629,3.733,4.396,0.663,66.3
20260630,3.703,4.375,0.672,67.2
20260701,3.791,4.466,0.675,67.5
20260702,3.747,4.431,0.684,68.4
20260703,3.748,4.433,0.685,68.5
20260706,3.776,4.459,0.683,68.3
20260707,3.78,4.472,0.692,69.2
20260708,3.775,4.473,0.698,69.8
20260709,3.778,4.478,0.7,70.0
20260710,3.768,4.466,0.698,69.8
20260713,3.809,4.506,0.697,69.7
20260714,3.887,4.582,0.695,69.5
20260715,3.866,4.563,0.697,69.7
20260716,3.848,4.544,0.696,69.6
20260720,3.895,4.59,0.695,69.5
20260721,3.867,4.571,0.704,70.4
20260722,3.913,4.604,0.691,69.1
20260723,3.917,4.609,0.692,69.2
20260724,3.959,4.653,0.694,69.4
20260727,3.865,4.576,0.711,71.1
20260728,3.829,4.545,0.716,71.6
20260729,3.8,4.512,0.712,71.2
20260730,3.831,4.541,0.71,71.0
20260731,3.758,4.478,0.72,72.0
20260803,3.742,4.462,0.72,72.0
20260804,3.74,4.458,0.718,71.8
20260805,3.669,4.392,0.723,72.3
20260806,3.742,4.445,0.703,70.3
20260807,3.746,4.448,0.702,70.2
20260810,3.778,4.476,0.698,69.8
20260811,3.808,4.504,0.696,69.6
20260812,3.791,4.496,0.705,70.5
20260813,3.781,4.488,0.707,70.7
20260814,3.796,4.492,0.696,69.6
20260818,3.847,4.542,0.695,69.5
20260819,3.798,4.497,0.699,69.9
20260820,3.811,4.504,0.693,69.3
20260821,3.854,4.542,0.688,68.8
20260824,3.836,4.52,0.684,68.4
20260825,3.83,4.516,0.686,68.6
20260826,3.816,4.5,0.684,68.4
20260827,3.755,4.448,0.693,69.3
