TIME,DATA_VALUE,ITEM_NAME,UNIT
20210906,1.881,"회사채(3년, AA-)",연%
20210907,1.888,"회사채(3년, AA-)",연%
20210908,1.908,"회사채(3년, AA-)",연%
20210909,1.921,"회사채(3년, AA-)",연%
20210910,1.936,"회사채(3년, AA-)",연%
20210913,1.962,"회사채(3년, AA-)",연%
20210914,1.975,"회사채(3년, AA-)",연%
20210915,1.942,"회사채(3년, AA-)",연%
20210916,1.958,"회사채(3년, AA-)",연%
20210917,1.978,"회사채(3년, AA-)",연%
20210923,1.996,"회사채(3년, AA-)",연%
20210924,2.017,"회사채(3년, AA-)",연%
20210927,2.015,"회사채(3년, AA-)",연%
20210928,2.061,"회사채(3년, AA-)",연%
20210929,2.057,"회사채(3년, AA-)",연%
20210930,2.049,"회사채(3년, AA-)",연%
20211001,2.087,"회사채(3년, AA-)",연%
20211005,2.101,"회사채(3년, AA-)",연%
20211006,2.171,"회사채(3년, AA-)",연%
20211007,2.158,"회사채(3년, AA-)",연%
20211008,2.156,"회사채(3년, AA-)",연%
20211012,2.262,"회사채(3년, AA-)",연%
20211013,2.27,"회사채(3년, AA-)",연%
20211014,2.261,"회사채(3년, AA-)",연%
20211015,2.249,"회사채(3년, AA-)",연%
20211018,2.333,"회사채(3년, AA-)",연%
20211019,2.325,"회사채(3년, AA-)",연%
20211020,2.318,"회사채(3년, AA-)",연%
20211021,2.31,"회사채(3년, AA-)",연%
20211022,2.362,"회사채(3년, AA-)",연%
20211025,2.387,"회사채(3년, AA-)",연%
20211026,2.423,"회사채(3년, AA-)",연%
20211027,2.506,"회사채(3년, AA-)",연%
20211028,2.487,"회사채(3년, AA-)",연%
20211029,2.573,"회사채(3년, AA-)",연%
20211101,2.58,"회사채(3년, AA-)",연%
20211102,2.542,"회사채(3년, AA-)",연%
20211103,2.539,"회사채(3년, AA-)",연%
20211104,2.544,"회사채(3년, AA-)",연%
20211105,2.468,"회사채(3년, AA-)",연%
20211108,2.438,"회사채(3년, AA-)",연%
20211109,2.403,"회사채(3년, AA-)",연%
20211110,2.417,"회사채(3년, AA-)",연%
20211111,2.453,"회사채(3년, AA-)",연%
20211112,2.499,"회사채(3년, AA-)",연%
20211115,2.457,"회사채(3년, AA-)",연%
20211116,2.505,"회사채(3년, AA-)",연%
20211117,2.517,"회사채(3년, AA-)",연%
20211118,2.501,"회사채(3년, AA-)",연%
20211119,2.513,"회사채(3년, AA-)",연%
20211122,2.563,"회사채(3년, AA-)",연%
20211123,2.582,"회사채(3년, AA-)",연%
20211124,2.569,"회사채(3년, AA-)",연%
20211125,2.499,"회사채(3년, AA-)",연%
20211126,2.433,"회사채(3년, AA-)",연%
20211129,2.418,"회사채(3년, AA-)",연%
20211130,2.373,"회사채(3년, AA-)",연%
20211201,2.385,"회사채(3년, AA-)",연%
20211202,2.406,"회사채(3년, AA-)",연%
20211203,2.464,"회사채(3년, AA-)",연%
20211206,2.436,"회사채(3년, AA-)",연%
20211207,2.446,"회사채(3년, AA-)",연%
20211208,2.409,"회사채(3년, AA-)",연%
20211209,2.385,"회사채(3년, AA-)",연%
20211210,2.399,"회사채(3년, AA-)",연%
20211213,2.402,"회사채(3년, AA-)",연%
20211214,2.402,"회사채(3년, AA-)",연%
20211215,2.43,"회사채(3년, AA-)",연%
20211216,2.398,"회사채(3년, AA-)",연%
20211217,2.398,"회사채(3년, AA-)",연%
20211220,2.372,"회사채(3년, AA-)",연%
20211221,2.355,"회사채(3년, AA-)",연%
20211222,2.392,"회사채(3년, AA-)",연%
20211223,2.441,"회사채(3년, AA-)",연%
20211224,2.438,"회사채(3년, AA-)",연%
20211227,2.411,"회사채(3년, AA-)",연%
20211228,2.417,"회사채(3년, AA-)",연%
20211229,2.409,"회사채(3년, AA-)",연%
20211230,2.417,"회사채(3년, AA-)",연%
20211231,2.415,"회사채(3년, AA-)",연%
20220103,2.46,"회사채(3년, AA-)",연%
20220104,2.474,"회사채(3년, AA-)",연%
20220105,2.506,"회사채(3년, AA-)",연%
20220106,2.59,"회사채(3년, AA-)",연%
20220107,2.593,"회사채(3년, AA-)",연%
20220110,2.624,"회사채(3년, AA-)",연%
20220111,2.611,"회사채(3년, AA-)",연%
20220112,2.576,"회사채(3년, AA-)",연%
20220113,2.537,"회사채(3년, AA-)",연%
20220114,2.6,"회사채(3년, AA-)",연%
20220117,2.699,"회사채(3년, AA-)",연%
20220118,2.685,"회사채(3년, AA-)",연%
20220119,2.645,"회사채(3년, AA-)",연%
20220120,2.684,"회사채(3년, AA-)",연%
20220121,2.693,"회사채(3년, AA-)",연%
20220124,2.675,"회사채(3년, AA-)",연%
20220125,2.725,"회사채(3년, AA-)",연%
20220126,2.713,"회사채(3년, AA-)",연%
20220127,2.781,"회사채(3년, AA-)",연%
20220128,2.765,"회사채(3년, AA-)",연%
20220203,2.733,"회사채(3년, AA-)",연%
20220204,2.771,"회사채(3년, AA-)",연%
20220207,2.815,"회사채(3년, AA-)",연%
20220208,2.867,"회사채(3년, AA-)",연%
20220209,2.857,"회사채(3년, AA-)",연%
20220210,2.85,"회사채(3년, AA-)",연%
20220211,2.921,"회사채(3년, AA-)",연%
20220214,2.926,"회사채(3년, AA-)",연%
20220215,2.928,"회사채(3년, AA-)",연%
20220216,2.913,"회사채(3년, AA-)",연%
20220217,2.895,"회사채(3년, AA-)",연%
20220218,2.916,"회사채(3년, AA-)",연%
20220221,2.949,"회사채(3년, AA-)",연%
20220222,2.916,"회사채(3년, AA-)",연%
20220223,2.913,"회사채(3년, AA-)",연%
20220224,2.83,"회사채(3년, AA-)",연%
20220225,2.854,"회사채(3년, AA-)",연%
20220228,2.855,"회사채(3년, AA-)",연%
20220302,2.813,"회사채(3년, AA-)",연%
20220303,2.835,"회사채(3년, AA-)",연%
20220304,2.848,"회사채(3년, AA-)",연%
20220307,2.922,"회사채(3년, AA-)",연%
20220308,2.931,"회사채(3년, AA-)",연%
20220310,2.933,"회사채(3년, AA-)",연%
20220311,2.92,"회사채(3년, AA-)",연%
20220314,2.947,"회사채(3년, AA-)",연%
20220315,2.965,"회사채(3년, AA-)",연%
20220316,2.948,"회사채(3년, AA-)",연%
20220317,2.902,"회사채(3년, AA-)",연%
20220318,2.911,"회사채(3년, AA-)",연%
20220321,2.944,"회사채(3년, AA-)",연%
20220322,3.045,"회사채(3년, AA-)",연%
20220323,3.073,"회사채(3년, AA-)",연%
20220324,3.104,"회사채(3년, AA-)",연%
20220325,3.163,"회사채(3년, AA-)",연%
20220328,3.394,"회사채(3년, AA-)",연%
20220329,3.361,"회사채(3년, AA-)",연%
20220330,3.291,"회사채(3년, AA-)",연%
20220331,3.34,"회사채(3년, AA-)",연%
20220401,3.458,"회사채(3년, AA-)",연%
20220404,3.499,"회사채(3년, AA-)",연%
20220405,3.542,"회사채(3년, AA-)",연%
20220406,3.592,"회사채(3년, AA-)",연%
20220407,3.562,"회사채(3년, AA-)",연%
20220408,3.636,"회사채(3년, AA-)",연%
20220411,3.813,"회사채(3년, AA-)",연%
20220412,3.774,"회사채(3년, AA-)",연%
20220413,3.688,"회사채(3년, AA-)",연%
20220414,3.583,"회사채(3년, AA-)",연%
20220415,3.64,"회사채(3년, AA-)",연%
20220418,3.689,"회사채(3년, AA-)",연%
20220419,3.671,"회사채(3년, AA-)",연%
20220420,3.662,"회사채(3년, AA-)",연%
20220421,3.647,"회사채(3년, AA-)",연%
20220422,3.688,"회사채(3년, AA-)",연%
20220425,3.602,"회사채(3년, AA-)",연%
20220426,3.584,"회사채(3년, AA-)",연%
20220427,3.595,"회사채(3년, AA-)",연%
20220428,3.636,"회사채(3년, AA-)",연%
20220429,3.68,"회사채(3년, AA-)",연%
20220502,3.794,"회사채(3년, AA-)",연%
20220503,3.855,"회사채(3년, AA-)",연%
20220504,3.887,"회사채(3년, AA-)",연%
20220506,3.873,"회사채(3년, AA-)",연%
20220509,3.8,"회사채(3년, AA-)",연%
20220510,3.783,"회사채(3년, AA-)",연%
20220511,3.691,"회사채(3년, AA-)",연%
20220512,3.657,"회사채(3년, AA-)",연%
20220513,3.673,"회사채(3년, AA-)",연%
20220516,3.781,"회사채(3년, AA-)",연%
20220517,3.784,"회사채(3년, AA-)",연%
20220518,3.832,"회사채(3년, AA-)",연%
20220519,3.821,"회사채(3년, AA-)",연%
20220520,3.784,"회사채(3년, AA-)",연%
20220523,3.796,"회사채(3년, AA-)",연%
20220524,3.742,"회사채(3년, AA-)",연%
20220525,3.72,"회사채(3년, AA-)",연%
20220526,3.733,"회사채(3년, AA-)",연%
20220527,3.728,"회사채(3년, AA-)",연%
20220530,3.724,"회사채(3년, AA-)",연%
20220531,3.807,"회사채(3년, AA-)",연%
20220602,3.897,"회사채(3년, AA-)",연%
20220603,3.896,"회사채(3년, AA-)",연%
20220607,4.001,"회사채(3년, AA-)",연%
20220608,3.982,"회사채(3년, AA-)",연%
20220609,3.958,"회사채(3년, AA-)",연%
20220610,3.996,"회사채(3년, AA-)",연%
20220613,4.222,"회사채(3년, AA-)",연%
20220614,4.27,"회사채(3년, AA-)",연%
20220615,4.371,"회사채(3년, AA-)",연%
20220616,4.437,"회사채(3년, AA-)",연%
20220617,4.468,"회사채(3년, AA-)",연%
20220620,4.414,"회사채(3년, AA-)",연%
20220621,4.402,"회사채(3년, AA-)",연%
20220622,4.275,"회사채(3년, AA-)",연%
20220623,4.363,"회사채(3년, AA-)",연%
20220624,4.297,"회사채(3년, AA-)",연%
20220627,4.344,"회사채(3년, AA-)",연%
20220628,4.339,"회사채(3년, AA-)",연%
20220629,4.359,"회사채(3년, AA-)",연%
20220630,4.361,"회사채(3년, AA-)",연%
20220701,4.257,"회사채(3년, AA-)",연%
20220704,4.247,"회사채(3년, AA-)",연%
20220705,4.128,"회사채(3년, AA-)",연%
20220706,4.086,"회사채(3년, AA-)",연%
20220707,4.113,"회사채(3년, AA-)",연%
20220708,4.186,"회사채(3년, AA-)",연%
20220711,4.198,"회사채(3년, AA-)",연%
20220712,4.158,"회사채(3년, AA-)",연%
20220713,4.094,"회사채(3년, AA-)",연%
20220714,4.139,"회사채(3년, AA-)",연%
20220715,4.091,"회사채(3년, AA-)",연%
20220718,4.104,"회사채(3년, AA-)",연%
20220719,4.092,"회사채(3년, AA-)",연%
20220720,4.197,"회사채(3년, AA-)",연%
20220721,4.202,"회사채(3년, AA-)",연%
20220722,4.135,"회사채(3년, AA-)",연%
20220725,4.082,"회사채(3년, AA-)",연%
20220726,4.063,"회사채(3년, AA-)",연%
20220727,4.033,"회사채(3년, AA-)",연%
20220728,4.082,"회사채(3년, AA-)",연%
20220729,3.969,"회사채(3년, AA-)",연%
20220801,4.043,"회사채(3년, AA-)",연%
20220802,3.983,"회사채(3년, AA-)",연%
20220803,4.045,"회사채(3년, AA-)",연%
20220804,4.091,"회사채(3년, AA-)",연%
20220805,4.056,"회사채(3년, AA-)",연%
20220808,4.113,"회사채(3년, AA-)",연%
20220809,4.119,"회사채(3년, AA-)",연%
20220810,4.133,"회사채(3년, AA-)",연%
20220811,4.111,"회사채(3년, AA-)",연%
20220812,4.159,"회사채(3년, AA-)",연%
20220816,4.057,"회사채(3년, AA-)",연%
20220817,4.076,"회사채(3년, AA-)",연%
20220818,4.114,"회사채(3년, AA-)",연%
20220819,4.186,"회사채(3년, AA-)",연%
20220822,4.235,"회사채(3년, AA-)",연%
20220823,4.27,"회사채(3년, AA-)",연%
20220824,4.298,"회사채(3년, AA-)",연%
20220825,4.507,"회사채(3년, AA-)",연%
20220826,4.499,"회사채(3년, AA-)",연%
20220829,4.621,"회사채(3년, AA-)",연%
20220830,4.618,"회사채(3년, AA-)",연%
20220831,4.658,"회사채(3년, AA-)",연%
20220901,4.747,"회사채(3년, AA-)",연%
20220902,4.655,"회사채(3년, AA-)",연%
20220905,4.596,"회사채(3년, AA-)",연%
20220906,4.662,"회사채(3년, AA-)",연%
20220907,4.668,"회사채(3년, AA-)",연%
20220908,4.541,"회사채(3년, AA-)",연%
20220913,4.525,"회사채(3년, AA-)",연%
20220914,4.579,"회사채(3년, AA-)",연%
20220915,4.759,"회사채(3년, AA-)",연%
20220916,4.758,"회사채(3년, AA-)",연%
20220919,4.751,"회사채(3년, AA-)",연%
20220920,4.806,"회사채(3년, AA-)",연%
20220921,4.843,"회사채(3년, AA-)",연%
20220922,5.092,"회사채(3년, AA-)",연%
20220923,5.189,"회사채(3년, AA-)",연%
20220926,5.528,"회사채(3년, AA-)",연%
20220927,5.308,"회사채(3년, AA-)",연%
20220928,5.342,"회사채(3년, AA-)",연%
20220929,5.378,"회사채(3년, AA-)",연%
20220930,5.28,"회사채(3년, AA-)",연%
20221004,5.175,"회사채(3년, AA-)",연%
20221005,5.242,"회사채(3년, AA-)",연%
20221006,5.231,"회사채(3년, AA-)",연%
20221007,5.358,"회사채(3년, AA-)",연%
20221011,5.436,"회사채(3년, AA-)",연%
20221012,5.21,"회사채(3년, AA-)",연%
20221013,5.31,"회사채(3년, AA-)",연%
20221014,5.32,"회사채(3년, AA-)",연%
20221017,5.373,"회사채(3년, AA-)",연%
20221018,5.408,"회사채(3년, AA-)",연%
20221019,5.533,"회사채(3년, AA-)",연%
20221020,5.588,"회사채(3년, AA-)",연%
20221021,5.736,"회사채(3년, AA-)",연%
20221024,5.592,"회사채(3년, AA-)",연%
20221025,5.528,"회사채(3년, AA-)",연%
20221026,5.553,"회사채(3년, AA-)",연%
20221027,5.62,"회사채(3년, AA-)",연%
20221028,5.487,"회사채(3년, AA-)",연%
20221031,5.58,"회사채(3년, AA-)",연%
20221101,5.486,"회사채(3년, AA-)",연%
20221102,5.533,"회사채(3년, AA-)",연%
20221103,5.616,"회사채(3년, AA-)",연%
20221104,5.591,"회사채(3년, AA-)",연%
20221107,5.662,"회사채(3년, AA-)",연%
20221108,5.642,"회사채(3년, AA-)",연%
20221109,5.594,"회사채(3년, AA-)",연%
20221110,5.551,"회사채(3년, AA-)",연%
20221111,5.361,"회사채(3년, AA-)",연%
20221114,5.42,"회사채(3년, AA-)",연%
20221115,5.346,"회사채(3년, AA-)",연%
20221116,5.416,"회사채(3년, AA-)",연%
20221117,5.427,"회사채(3년, AA-)",연%
20221118,5.429,"회사채(3년, AA-)",연%
20221121,5.492,"회사채(3년, AA-)",연%
20221122,5.516,"회사채(3년, AA-)",연%
20221123,5.536,"회사채(3년, AA-)",연%
20221124,5.402,"회사채(3년, AA-)",연%
20221125,5.376,"회사채(3년, AA-)",연%
20221128,5.405,"회사채(3년, AA-)",연%
20221129,5.468,"회사채(3년, AA-)",연%
20221130,5.445,"회사채(3년, AA-)",연%
20221201,5.422,"회사채(3년, AA-)",연%
20221202,5.386,"회사채(3년, AA-)",연%
20221205,5.37,"회사채(3년, AA-)",연%
20221206,5.387,"회사채(3년, AA-)",연%
20221207,5.411,"회사채(3년, AA-)",연%
20221208,5.412,"회사채(3년, AA-)",연%
20221209,5.391,"회사채(3년, AA-)",연%
20221212,5.383,"회사채(3년, AA-)",연%
20221213,5.374,"회사채(3년, AA-)",연%
20221214,5.272,"회사채(3년, AA-)",연%
20221215,5.263,"회사채(3년, AA-)",연%
20221216,5.227,"회사채(3년, AA-)",연%
20221219,5.217,"회사채(3년, AA-)",연%
20221220,5.333,"회사채(3년, AA-)",연%
20221221,5.272,"회사채(3년, AA-)",연%
20221222,5.192,"회사채(3년, AA-)",연%
20221223,5.215,"회사채(3년, AA-)",연%
20221226,5.235,"회사채(3년, AA-)",연%
20221227,5.219,"회사채(3년, AA-)",연%
20221228,5.203,"회사채(3년, AA-)",연%
20221229,5.238,"회사채(3년, AA-)",연%
20221230,5.231,"회사채(3년, AA-)",연%
20230102,5.262,"회사채(3년, AA-)",연%
20230103,5.131,"회사채(3년, AA-)",연%
20230104,5.078,"회사채(3년, AA-)",연%
20230105,5.06,"회사채(3년, AA-)",연%
20230106,5.062,"회사채(3년, AA-)",연%
20230109,4.93,"회사채(3년, AA-)",연%
20230110,4.887,"회사채(3년, AA-)",연%
20230111,4.784,"회사채(3년, AA-)",연%
20230112,4.73,"회사채(3년, AA-)",연%
20230113,4.62,"회사채(3년, AA-)",연%
20230116,4.661,"회사채(3년, AA-)",연%
20230117,4.677,"회사채(3년, AA-)",연%
20230118,4.56,"회사채(3년, AA-)",연%
20230119,4.403,"회사채(3년, AA-)",연%
20230120,4.453,"회사채(3년, AA-)",연%
20230125,4.4,"회사채(3년, AA-)",연%
20230126,4.361,"회사채(3년, AA-)",연%
20230127,4.364,"회사채(3년, AA-)",연%
20230130,4.31,"회사채(3년, AA-)",연%
20230131,4.344,"회사채(3년, AA-)",연%
20230201,4.268,"회사채(3년, AA-)",연%
20230202,4.177,"회사채(3년, AA-)",연%
20230203,4.081,"회사채(3년, AA-)",연%
20230206,4.237,"회사채(3년, AA-)",연%
20230207,4.244,"회사채(3년, AA-)",연%
20230208,4.244,"회사채(3년, AA-)",연%
20230209,4.254,"회사채(3년, AA-)",연%
20230210,4.231,"회사채(3년, AA-)",연%
20230213,4.252,"회사채(3년, AA-)",연%
20230214,4.207,"회사채(3년, AA-)",연%
20230215,4.255,"회사채(3년, AA-)",연%
20230216,4.239,"회사채(3년, AA-)",연%
20230217,4.345,"회사채(3년, AA-)",연%
20230220,4.369,"회사채(3년, AA-)",연%
20230221,4.324,"회사채(3년, AA-)",연%
20230222,4.342,"회사채(3년, AA-)",연%
20230223,4.311,"회사채(3년, AA-)",연%
20230224,4.255,"회사채(3년, AA-)",연%
20230227,4.366,"회사채(3년, AA-)",연%
20230228,4.484,"회사채(3년, AA-)",연%
20230302,4.558,"회사채(3년, AA-)",연%
20230303,4.471,"회사채(3년, AA-)",연%
20230306,4.458,"회사채(3년, AA-)",연%
20230307,4.41,"회사채(3년, AA-)",연%
20230308,4.534,"회사채(3년, AA-)",연%
20230309,4.54,"회사채(3년, AA-)",연%
20230310,4.396,"회사채(3년, AA-)",연%
20230313,4.149,"회사채(3년, AA-)",연%
20230314,4.085,"회사채(3년, AA-)",연%
20230315,4.169,"회사채(3년, AA-)",연%
20230316,4.098,"회사채(3년, AA-)",연%
20230317,4.11,"회사채(3년, AA-)",연%
20230320,3.986,"회사채(3년, AA-)",연%
20230321,4.016,"회사채(3년, AA-)",연%
20230322,4.014,"회사채(3년, AA-)",연%
20230323,3.97,"회사채(3년, AA-)",연%
20230324,3.928,"회사채(3년, AA-)",연%
20230327,3.989,"회사채(3년, AA-)",연%
20230328,4.029,"회사채(3년, AA-)",연%
20230329,4.027,"회사채(3년, AA-)",연%
20230330,4.035,"회사채(3년, AA-)",연%
20230331,4.074,"회사채(3년, AA-)",연%
20230403,4.139,"회사채(3년, AA-)",연%
20230404,4.081,"회사채(3년, AA-)",연%
20230405,4.072,"회사채(3년, AA-)",연%
20230406,4.022,"회사채(3년, AA-)",연%
20230407,4.049,"회사채(3년, AA-)",연%
20230410,4.004,"회사채(3년, AA-)",연%
20230411,4.041,"회사채(3년, AA-)",연%
20230412,4.042,"회사채(3년, AA-)",연%
20230413,4.009,"회사채(3년, AA-)",연%
20230414,4.022,"회사채(3년, AA-)",연%
20230417,4.092,"회사채(3년, AA-)",연%
20230418,4.101,"회사채(3년, AA-)",연%
20230419,4.146,"회사채(3년, AA-)",연%
20230420,4.146,"회사채(3년, AA-)",연%
20230421,4.083,"회사채(3년, AA-)",연%
20230424,4.051,"회사채(3년, AA-)",연%
20230425,4.076,"회사채(3년, AA-)",연%
20230426,4.069,"회사채(3년, AA-)",연%
20230427,4.094,"회사채(3년, AA-)",연%
20230428,4.105,"회사채(3년, AA-)",연%
20230502,4.14,"회사채(3년, AA-)",연%
20230503,4.094,"회사채(3년, AA-)",연%
20230504,4.03,"회사채(3년, AA-)",연%
20230508,4.079,"회사채(3년, AA-)",연%
20230509,4.069,"회사채(3년, AA-)",연%
20230510,4.086,"회사채(3년, AA-)",연%
20230511,4.032,"회사채(3년, AA-)",연%
20230512,4.035,"회사채(3년, AA-)",연%
20230515,4.089,"회사채(3년, AA-)",연%
20230516,4.056,"회사채(3년, AA-)",연%
20230517,4.084,"회사채(3년, AA-)",연%
20230518,4.123,"회사채(3년, AA-)",연%
20230519,4.148,"회사채(3년, AA-)",연%
20230522,4.127,"회사채(3년, AA-)",연%
20230523,4.181,"회사채(3년, AA-)",연%
20230524,4.183,"회사채(3년, AA-)",연%
20230525,4.28,"회사채(3년, AA-)",연%
20230526,4.328,"회사채(3년, AA-)",연%
20230530,4.359,"회사채(3년, AA-)",연%
20230531,4.262,"회사채(3년, AA-)",연%
20230601,4.285,"회사채(3년, AA-)",연%
20230602,4.244,"회사채(3년, AA-)",연%
20230605,4.307,"회사채(3년, AA-)",연%
20230607,4.273,"회사채(3년, AA-)",연%
20230608,4.344,"회사채(3년, AA-)",연%
20230609,4.309,"회사채(3년, AA-)",연%
20230612,4.302,"회사채(3년, AA-)",연%
20230613,4.297,"회사채(3년, AA-)",연%
20230614,4.356,"회사채(3년, AA-)",연%
20230615,4.437,"회사채(3년, AA-)",연%
20230616,4.395,"회사채(3년, AA-)",연%
20230619,4.39,"회사채(3년, AA-)",연%
20230620,4.38,"회사채(3년, AA-)",연%
20230621,4.378,"회사채(3년, AA-)",연%
20230622,4.4,"회사채(3년, AA-)",연%
20230623,4.419,"회사채(3년, AA-)",연%
20230626,4.375,"회사채(3년, AA-)",연%
20230627,4.348,"회사채(3년, AA-)",연%
20230628,4.365,"회사채(3년, AA-)",연%
20230629,4.391,"회사채(3년, AA-)",연%
20230630,4.473,"회사채(3년, AA-)",연%
20230703,4.421,"회사채(3년, AA-)",연%
20230704,4.429,"회사채(3년, AA-)",연%
20230705,4.425,"회사채(3년, AA-)",연%
20230706,4.475,"회사채(3년, AA-)",연%
20230707,4.534,"회사채(3년, AA-)",연%
20230710,4.594,"회사채(3년, AA-)",연%
20230711,4.502,"회사채(3년, AA-)",연%
20230712,4.512,"회사채(3년, AA-)",연%
20230713,4.408,"회사채(3년, AA-)",연%
20230714,4.42,"회사채(3년, AA-)",연%
20230717,4.414,"회사채(3년, AA-)",연%
20230718,4.398,"회사채(3년, AA-)",연%
20230719,4.341,"회사채(3년, AA-)",연%
20230720,4.379,"회사채(3년, AA-)",연%
20230721,4.399,"회사채(3년, AA-)",연%
20230724,4.41,"회사채(3년, AA-)",연%
20230725,4.435,"회사채(3년, AA-)",연%
20230726,4.413,"회사채(3년, AA-)",연%
20230727,4.374,"회사채(3년, AA-)",연%
20230728,4.423,"회사채(3년, AA-)",연%
20230731,4.467,"회사채(3년, AA-)",연%
20230801,4.435,"회사채(3년, AA-)",연%
20230802,4.466,"회사채(3년, AA-)",연%
20230803,4.496,"회사채(3년, AA-)",연%
20230804,4.519,"회사채(3년, AA-)",연%
20230807,4.468,"회사채(3년, AA-)",연%
20230808,4.424,"회사채(3년, AA-)",연%
20230809,4.448,"회사채(3년, AA-)",연%
20230810,4.464,"회사채(3년, AA-)",연%
20230811,4.475,"회사채(3년, AA-)",연%
20230814,4.52,"회사채(3년, AA-)",연%
20230816,4.488,"회사채(3년, AA-)",연%
20230817,4.561,"회사채(3년, AA-)",연%
20230818,4.501,"회사채(3년, AA-)",연%
20230821,4.563,"회사채(3년, AA-)",연%
20230822,4.569,"회사채(3년, AA-)",연%
20230823,4.536,"회사채(3년, AA-)",연%
20230824,4.524,"회사채(3년, AA-)",연%
20230825,4.554,"회사채(3년, AA-)",연%
20230828,4.524,"회사채(3년, AA-)",연%
20230829,4.503,"회사채(3년, AA-)",연%
20230830,4.496,"회사채(3년, AA-)",연%
20230831,4.473,"회사채(3년, AA-)",연%
20230901,4.447,"회사채(3년, AA-)",연%
20230904,4.498,"회사채(3년, AA-)",연%
20230905,4.527,"회사채(3년, AA-)",연%
20230906,4.521,"회사채(3년, AA-)",연%
20230907,4.599,"회사채(3년, AA-)",연%
20230908,4.552,"회사채(3년, AA-)",연%
20230911,4.622,"회사채(3년, AA-)",연%
20230912,4.621,"회사채(3년, AA-)",연%
20230913,4.617,"회사채(3년, AA-)",연%
20230914,4.596,"회사채(3년, AA-)",연%
20230915,4.608,"회사채(3년, AA-)",연%
20230918,4.648,"회사채(3년, AA-)",연%
20230919,4.641,"회사채(3년, AA-)",연%
20230920,4.645,"회사채(3년, AA-)",연%
20230921,4.689,"회사채(3년, AA-)",연%
20230922,4.65,"회사채(3년, AA-)",연%
20230925,4.64,"회사채(3년, AA-)",연%
20230926,4.654,"회사채(3년, AA-)",연%
20230927,4.658,"회사채(3년, AA-)",연%
20231004,4.871,"회사채(3년, AA-)",연%
20231005,4.855,"회사채(3년, AA-)",연%
20231006,4.796,"회사채(3년, AA-)",연%
20231010,4.777,"회사채(3년, AA-)",연%
20231011,4.735,"회사채(3년, AA-)",연%
20231012,4.719,"회사채(3년, AA-)",연%
20231013,4.748,"회사채(3년, AA-)",연%
20231016,4.769,"회사채(3년, AA-)",연%
20231017,4.787,"회사채(3년, AA-)",연%
20231018,4.83,"회사채(3년, AA-)",연%
20231019,4.872,"회사채(3년, AA-)",연%
20231020,4.838,"회사채(3년, AA-)",연%
20231023,4.861,"회사채(3년, AA-)",연%
20231024,4.81,"회사채(3년, AA-)",연%
20231025,4.844,"회사채(3년, AA-)",연%
20231026,4.906,"회사채(3년, AA-)",연%
20231027,4.884,"회사채(3년, AA-)",연%
20231030,4.905,"회사채(3년, AA-)",연%
20231031,4.908,"회사채(3년, AA-)",연%
20231101,4.9,"회사채(3년, AA-)",연%
20231102,4.811,"회사채(3년, AA-)",연%
20231103,4.789,"회사채(3년, AA-)",연%
20231106,4.721,"회사채(3년, AA-)",연%
20231107,4.731,"회사채(3년, AA-)",연%
20231108,4.715,"회사채(3년, AA-)",연%
20231109,4.695,"회사채(3년, AA-)",연%
20231110,4.711,"회사채(3년, AA-)",연%
20231113,4.727,"회사채(3년, AA-)",연%
20231114,4.704,"회사채(3년, AA-)",연%
20231115,4.591,"회사채(3년, AA-)",연%
20231116,4.541,"회사채(3년, AA-)",연%
20231117,4.504,"회사채(3년, AA-)",연%
20231120,4.469,"회사채(3년, AA-)",연%
20231121,4.436,"회사채(3년, AA-)",연%
20231122,4.45,"회사채(3년, AA-)",연%
20231123,4.418,"회사채(3년, AA-)",연%
20231124,4.443,"회사채(3년, AA-)",연%
20231127,4.448,"회사채(3년, AA-)",연%
20231128,4.397,"회사채(3년, AA-)",연%
20231129,4.297,"회사채(3년, AA-)",연%
20231130,4.319,"회사채(3년, AA-)",연%
20231201,4.309,"회사채(3년, AA-)",연%
20231204,4.252,"회사채(3년, AA-)",연%
20231205,4.197,"회사채(3년, AA-)",연%
20231206,4.17,"회사채(3년, AA-)",연%
20231207,4.211,"회사채(3년, AA-)",연%
20231208,4.167,"회사채(3년, AA-)",연%
20231211,4.196,"회사채(3년, AA-)",연%
20231212,4.171,"회사채(3년, AA-)",연%
20231213,4.186,"회사채(3년, AA-)",연%
20231214,3.98,"회사채(3년, AA-)",연%
20231215,4.01,"회사채(3년, AA-)",연%
20231218,4.005,"회사채(3년, AA-)",연%
20231219,4.022,"회사채(3년, AA-)",연%
20231220,3.975,"회사채(3년, AA-)",연%
20231221,3.975,"회사채(3년, AA-)",연%
20231222,3.972,"회사채(3년, AA-)",연%
20231226,3.962,"회사채(3년, AA-)",연%
20231227,3.958,"회사채(3년, AA-)",연%
20231228,3.898,"회사채(3년, AA-)",연%
20231229,3.898,"회사채(3년, AA-)",연%
20240102,3.98,"회사채(3년, AA-)",연%
20240103,4.017,"회사채(3년, AA-)",연%
20240104,3.977,"회사채(3년, AA-)",연%
20240105,4.032,"회사채(3년, AA-)",연%
20240108,4.045,"회사채(3년, AA-)",연%
20240109,4.004,"회사채(3년, AA-)",연%
20240110,4.017,"회사채(3년, AA-)",연%
20240111,3.976,"회사채(3년, AA-)",연%
20240112,3.953,"회사채(3년, AA-)",연%
20240115,3.939,"회사채(3년, AA-)",연%
20240116,3.982,"회사채(3년, AA-)",연%
20240117,4.025,"회사채(3년, AA-)",연%
20240118,4.034,"회사채(3년, AA-)",연%
20240119,4.058,"회사채(3년, AA-)",연%
20240122,4.03,"회사채(3년, AA-)",연%
20240123,4.041,"회사채(3년, AA-)",연%
20240124,4.051,"회사채(3년, AA-)",연%
20240125,4.061,"회사채(3년, AA-)",연%
20240126,4.01,"회사채(3년, AA-)",연%
20240129,4.051,"회사채(3년, AA-)",연%
20240130,4.009,"회사채(3년, AA-)",연%
20240131,4.002,"회사채(3년, AA-)",연%
20240201,4.001,"회사채(3년, AA-)",연%
20240202,3.982,"회사채(3년, AA-)",연%
20240205,4.047,"회사채(3년, AA-)",연%
20240206,4.028,"회사채(3년, AA-)",연%
20240207,4.019,"회사채(3년, AA-)",연%
20240208,4.034,"회사채(3년, AA-)",연%
20240213,4.074,"회사채(3년, AA-)",연%
20240214,4.141,"회사채(3년, AA-)",연%
20240215,4.117,"회사채(3년, AA-)",연%
20240216,4.115,"회사채(3년, AA-)",연%
20240219,4.102,"회사채(3년, AA-)",연%
20240220,4.105,"회사채(3년, AA-)",연%
20240221,4.09,"회사채(3년, AA-)",연%
20240222,4.023,"회사채(3년, AA-)",연%
20240223,4.045,"회사채(3년, AA-)",연%
20240226,4.005,"회사채(3년, AA-)",연%
20240227,4.025,"회사채(3년, AA-)",연%
20240228,4.015,"회사채(3년, AA-)",연%
20240229,4.037,"회사채(3년, AA-)",연%
20240304,4.008,"회사채(3년, AA-)",연%
20240305,3.992,"회사채(3년, AA-)",연%
20240306,3.962,"회사채(3년, AA-)",연%
20240307,3.959,"회사채(3년, AA-)",연%
20240308,3.91,"회사채(3년, AA-)",연%
20240311,3.914,"회사채(3년, AA-)",연%
20240312,3.917,"회사채(3년, AA-)",연%
20240313,3.899,"회사채(3년, AA-)",연%
20240314,3.922,"회사채(3년, AA-)",연%
20240315,3.953,"회사채(3년, AA-)",연%
20240318,3.993,"회사채(3년, AA-)",연%
20240319,4.022,"회사채(3년, AA-)",연%
20240320,4.006,"회사채(3년, AA-)",연%
20240321,3.942,"회사채(3년, AA-)",연%
20240322,3.918,"회사채(3년, AA-)",연%
20240325,3.915,"회사채(3년, AA-)",연%
20240326,3.923,"회사채(3년, AA-)",연%
20240327,3.903,"회사채(3년, AA-)",연%
20240328,3.903,"회사채(3년, AA-)",연%
20240329,3.926,"회사채(3년, AA-)",연%
20240401,3.896,"회사채(3년, AA-)",연%
20240402,3.926,"회사채(3년, AA-)",연%
20240403,3.927,"회사채(3년, AA-)",연%
20240404,3.919,"회사채(3년, AA-)",연%
20240405,3.902,"회사채(3년, AA-)",연%
20240408,3.945,"회사채(3년, AA-)",연%
20240409,3.953,"회사채(3년, AA-)",연%
20240411,4.016,"회사채(3년, AA-)",연%
20240412,3.961,"회사채(3년, AA-)",연%
20240415,3.983,"회사채(3년, AA-)",연%
20240416,4.01,"회사채(3년, AA-)",연%
20240417,4.007,"회사채(3년, AA-)",연%
20240418,3.96,"회사채(3년, AA-)",연%
20240419,3.982,"회사채(3년, AA-)",연%
20240422,4.019,"회사채(3년, AA-)",연%
20240423,3.992,"회사채(3년, AA-)",연%
20240424,4.004,"회사채(3년, AA-)",연%
20240425,4.029,"회사채(3년, AA-)",연%
20240426,4.012,"회사채(3년, AA-)",연%
20240429,4.024,"회사채(3년, AA-)",연%
20240430,3.995,"회사채(3년, AA-)",연%
20240502,3.972,"회사채(3년, AA-)",연%
20240503,3.958,"회사채(3년, AA-)",연%
20240507,3.912,"회사채(3년, AA-)",연%
20240508,3.901,"회사채(3년, AA-)",연%
20240509,3.913,"회사채(3년, AA-)",연%
20240510,3.894,"회사채(3년, AA-)",연%
20240513,3.904,"회사채(3년, AA-)",연%
20240514,3.9,"회사채(3년, AA-)",연%
20240516,3.82,"회사채(3년, AA-)",연%
20240517,3.825,"회사채(3년, AA-)",연%
20240520,3.853,"회사채(3년, AA-)",연%
20240521,3.853,"회사채(3년, AA-)",연%
20240522,3.848,"회사채(3년, AA-)",연%
20240523,3.84,"회사채(3년, AA-)",연%
20240524,3.861,"회사채(3년, AA-)",연%
20240527,3.851,"회사채(3년, AA-)",연%
20240528,3.828,"회사채(3년, AA-)",연%
20240529,3.855,"회사채(3년, AA-)",연%
20240530,3.867,"회사채(3년, AA-)",연%
20240531,3.871,"회사채(3년, AA-)",연%
20240603,3.853,"회사채(3년, AA-)",연%
20240604,3.81,"회사채(3년, AA-)",연%
20240605,3.771,"회사채(3년, AA-)",연%
20240607,3.736,"회사채(3년, AA-)",연%
20240610,3.782,"회사채(3년, AA-)",연%
20240611,3.775,"회사채(3년, AA-)",연%
20240612,3.745,"회사채(3년, AA-)",연%
20240613,3.718,"회사채(3년, AA-)",연%
20240614,3.694,"회사채(3년, AA-)",연%
20240617,3.662,"회사채(3년, AA-)",연%
20240618,3.666,"회사채(3년, AA-)",연%
20240619,3.62,"회사채(3년, AA-)",연%
20240620,3.648,"회사채(3년, AA-)",연%
20240621,3.637,"회사채(3년, AA-)",연%
20240624,3.656,"회사채(3년, AA-)",연%
20240625,3.662,"회사채(3년, AA-)",연%
20240626,3.676,"회사채(3년, AA-)",연%
20240627,3.684,"회사채(3년, AA-)",연%
20240628,3.658,"회사채(3년, AA-)",연%
20240701,3.681,"회사채(3년, AA-)",연%
20240702,3.634,"회사채(3년, AA-)",연%
20240703,3.624,"회사채(3년, AA-)",연%
20240704,3.591,"회사채(3년, AA-)",연%
20240705,3.582,"회사채(3년, AA-)",연%
20240708,3.58,"회사채(3년, AA-)",연%
20240709,3.572,"회사채(3년, AA-)",연%
20240710,3.576,"회사채(3년, AA-)",연%
20240711,3.614,"회사채(3년, AA-)",연%
20240712,3.552,"회사채(3년, AA-)",연%
20240715,3.538,"회사채(3년, AA-)",연%
20240716,3.496,"회사채(3년, AA-)",연%
20240717,3.509,"회사채(3년, AA-)",연%
20240718,3.513,"회사채(3년, AA-)",연%
20240719,3.525,"회사채(3년, AA-)",연%
20240722,3.522,"회사채(3년, AA-)",연%
20240723,3.533,"회사채(3년, AA-)",연%
20240724,3.509,"회사채(3년, AA-)",연%
20240725,3.484,"회사채(3년, AA-)",연%
20240726,3.482,"회사채(3년, AA-)",연%
20240729,3.434,"회사채(3년, AA-)",연%
20240730,3.451,"회사채(3년, AA-)",연%
20240731,3.459,"회사채(3년, AA-)",연%
20240801,3.431,"회사채(3년, AA-)",연%
20240802,3.394,"회사채(3년, AA-)",연%
20240805,3.271,"회사채(3년, AA-)",연%
20240806,3.398,"회사채(3년, AA-)",연%
20240807,3.397,"회사채(3년, AA-)",연%
20240808,3.38,"회사채(3년, AA-)",연%
20240809,3.409,"회사채(3년, AA-)",연%
20240812,3.421,"회사채(3년, AA-)",연%
20240813,3.395,"회사채(3년, AA-)",연%
20240814,3.37,"회사채(3년, AA-)",연%
20240816,3.415,"회사채(3년, AA-)",연%
20240819,3.424,"회사채(3년, AA-)",연%
20240820,3.442,"회사채(3년, AA-)",연%
20240821,3.439,"회사채(3년, AA-)",연%
20240822,3.422,"회사채(3년, AA-)",연%
20240823,3.439,"회사채(3년, AA-)",연%
20240826,3.414,"회사채(3년, AA-)",연%
20240827,3.465,"회사채(3년, AA-)",연%
20240828,3.456,"회사채(3년, AA-)",연%
20240829,3.484,"회사채(3년, AA-)",연%
20240830,3.503,"회사채(3년, AA-)",연%
20240902,3.542,"회사채(3년, AA-)",연%
20240903,3.545,"회사채(3년, AA-)",연%
20240904,3.497,"회사채(3년, AA-)",연%
20240905,3.48,"회사채(3년, AA-)",연%
20240906,3.46,"회사채(3년, AA-)",연%
20240909,3.471,"회사채(3년, AA-)",연%
20240910,3.451,"회사채(3년, AA-)",연%
20240911,3.406,"회사채(3년, AA-)",연%
20240912,3.449,"회사채(3년, AA-)",연%
20240913,3.41,"회사채(3년, AA-)",연%
20240919,3.432,"회사채(3년, AA-)",연%
20240920,3.426,"회사채(3년, AA-)",연%
20240923,3.449,"회사채(3년, AA-)",연%
20240924,3.439,"회사채(3년, AA-)",연%
20240925,3.401,"회사채(3년, AA-)",연%
20240926,3.395,"회사채(3년, AA-)",연%
20240927,3.409,"회사채(3년, AA-)",연%
20240930,3.397,"회사채(3년, AA-)",연%
20241002,3.37,"회사채(3년, AA-)",연%
20241004,3.415,"회사채(3년, AA-)",연%
20241007,3.546,"회사채(3년, AA-)",연%
20241008,3.517,"회사채(3년, AA-)",연%
20241010,3.542,"회사채(3년, AA-)",연%
20241011,3.523,"회사채(3년, AA-)",연%
20241014,3.509,"회사채(3년, AA-)",연%
20241015,3.475,"회사채(3년, AA-)",연%
20241016,3.452,"회사채(3년, AA-)",연%
20241017,3.467,"회사채(3년, AA-)",연%
20241018,3.48,"회사채(3년, AA-)",연%
20241021,3.471,"회사채(3년, AA-)",연%
20241022,3.512,"회사채(3년, AA-)",연%
20241023,3.508,"회사채(3년, AA-)",연%
20241024,3.46,"회사채(3년, AA-)",연%
20241025,3.451,"회사채(3년, AA-)",연%
20241028,3.503,"회사채(3년, AA-)",연%
20241029,3.504,"회사채(3년, AA-)",연%
20241030,3.502,"회사채(3년, AA-)",연%
20241031,3.503,"회사채(3년, AA-)",연%
20241101,3.507,"회사채(3년, AA-)",연%
20241104,3.507,"회사채(3년, AA-)",연%
20241105,3.491,"회사채(3년, AA-)",연%
20241106,3.529,"회사채(3년, AA-)",연%
20241107,3.492,"회사채(3년, AA-)",연%
20241108,3.461,"회사채(3년, AA-)",연%
20241111,3.471,"회사채(3년, AA-)",연%
20241112,3.467,"회사채(3년, AA-)",연%
20241113,3.501,"회사채(3년, AA-)",연%
20241114,3.492,"회사채(3년, AA-)",연%
20241115,3.506,"회사채(3년, AA-)",연%
20241118,3.482,"회사채(3년, AA-)",연%
20241119,3.457,"회사채(3년, AA-)",연%
20241120,3.438,"회사채(3년, AA-)",연%
20241121,3.396,"회사채(3년, AA-)",연%
20241122,3.385,"회사채(3년, AA-)",연%
20241125,3.342,"회사채(3년, AA-)",연%
20241126,3.343,"회사채(3년, AA-)",연%
20241127,3.316,"회사채(3년, AA-)",연%
20241128,3.22,"회사채(3년, AA-)",연%
20241129,3.194,"회사채(3년, AA-)",연%
20241202,3.156,"회사채(3년, AA-)",연%
20241203,3.169,"회사채(3년, AA-)",연%
20241204,3.21,"회사채(3년, AA-)",연%
20241205,3.194,"회사채(3년, AA-)",연%
20241206,3.212,"회사채(3년, AA-)",연%
20241209,3.173,"회사채(3년, AA-)",연%
20241210,3.175,"회사채(3년, AA-)",연%
20241211,3.188,"회사채(3년, AA-)",연%
20241212,3.2,"회사채(3년, AA-)",연%
20241213,3.197,"회사채(3년, AA-)",연%
20241216,3.212,"회사채(3년, AA-)",연%
20241217,3.279,"회사채(3년, AA-)",연%
20241218,3.203,"회사채(3년, AA-)",연%
20241219,3.275,"회사채(3년, AA-)",연%
20241220,3.3,"회사채(3년, AA-)",연%
20241223,3.292,"회사채(3년, AA-)",연%
20241224,3.308,"회사채(3년, AA-)",연%
20241226,3.33,"회사채(3년, AA-)",연%
20241227,3.321,"회사채(3년, AA-)",연%
20241230,3.285,"회사채(3년, AA-)",연%
20241231,3.284,"회사채(3년, AA-)",연%
20250102,3.197,"회사채(3년, AA-)",연%
20250103,3.17,"회사채(3년, AA-)",연%
20250106,3.202,"회사채(3년, AA-)",연%
20250107,3.187,"회사채(3년, AA-)",연%
20250108,3.182,"회사채(3년, AA-)",연%
20250109,3.174,"회사채(3년, AA-)",연%
20250110,3.22,"회사채(3년, AA-)",연%
20250113,3.306,"회사채(3년, AA-)",연%
20250114,3.292,"회사채(3년, AA-)",연%
20250115,3.315,"회사채(3년, AA-)",연%
20250116,3.276,"회사채(3년, AA-)",연%
20250117,3.241,"회사채(3년, AA-)",연%
20250120,3.268,"회사채(3년, AA-)",연%
20250121,3.227,"회사채(3년, AA-)",연%
20250122,3.227,"회사채(3년, AA-)",연%
20250123,3.218,"회사채(3년, AA-)",연%
20250124,3.21,"회사채(3년, AA-)",연%
20250131,3.204,"회사채(3년, AA-)",연%
20250203,3.196,"회사채(3년, AA-)",연%
20250204,3.208,"회사채(3년, AA-)",연%
20250205,3.198,"회사채(3년, AA-)",연%
20250206,3.196,"회사채(3년, AA-)",연%
20250207,3.242,"회사채(3년, AA-)",연%
20250210,3.239,"회사채(3년, AA-)",연%
20250211,3.228,"회사채(3년, AA-)",연%
20250212,3.238,"회사채(3년, AA-)",연%
20250213,3.227,"회사채(3년, AA-)",연%
20250214,3.208,"회사채(3년, AA-)",연%
20250217,3.215,"회사채(3년, AA-)",연%
20250218,3.224,"회사채(3년, AA-)",연%
20250219,3.214,"회사채(3년, AA-)",연%
20250220,3.212,"회사채(3년, AA-)",연%
20250221,3.2,"회사채(3년, AA-)",연%
20250224,3.191,"회사채(3년, AA-)",연%
20250225,3.178,"회사채(3년, AA-)",연%
20250226,3.168,"회사채(3년, AA-)",연%
20250227,3.172,"회사채(3년, AA-)",연%
20250228,3.157,"회사채(3년, AA-)",연%
20250304,3.132,"회사채(3년, AA-)",연%
20250305,3.151,"회사채(3년, AA-)",연%
20250306,3.174,"회사채(3년, AA-)",연%
20250307,3.144,"회사채(3년, AA-)",연%
20250310,3.166,"회사채(3년, AA-)",연%
20250311,3.131,"회사채(3년, AA-)",연%
20250312,3.127,"회사채(3년, AA-)",연%
20250313,3.138,"회사채(3년, AA-)",연%
20250314,3.161,"회사채(3년, AA-)",연%
20250317,3.171,"회사채(3년, AA-)",연%
20250318,3.168,"회사채(3년, AA-)",연%
20250319,3.184,"회사채(3년, AA-)",연%
20250320,3.168,"회사채(3년, AA-)",연%
20250321,3.165,"회사채(3년, AA-)",연%
20250324,3.171,"회사채(3년, AA-)",연%
20250325,3.179,"회사채(3년, AA-)",연%
20250326,3.187,"회사채(3년, AA-)",연%
20250327,3.182,"회사채(3년, AA-)",연%
20250328,3.184,"회사채(3년, AA-)",연%
20250331,3.14,"회사채(3년, AA-)",연%
20250401,3.153,"회사채(3년, AA-)",연%
20250402,3.151,"회사채(3년, AA-)",연%
20250403,3.101,"회사채(3년, AA-)",연%
20250404,3.035,"회사채(3년, AA-)",연%
20250407,2.986,"회사채(3년, AA-)",연%
20250408,2.995,"회사채(3년, AA-)",연%
20250409,3.01,"회사채(3년, AA-)",연%
20250410,3.017,"회사채(3년, AA-)",연%
20250411,2.996,"회사채(3년, AA-)",연%
20250414,2.998,"회사채(3년, AA-)",연%
20250415,2.984,"회사채(3년, AA-)",연%
20250416,2.941,"회사채(3년, AA-)",연%
20250417,2.968,"회사채(3년, AA-)",연%
20250418,2.942,"회사채(3년, AA-)",연%
20250421,2.918,"회사채(3년, AA-)",연%
20250422,2.923,"회사채(3년, AA-)",연%
20250423,2.927,"회사채(3년, AA-)",연%
20250424,2.93,"회사채(3년, AA-)",연%
20250425,2.901,"회사채(3년, AA-)",연%
20250428,2.909,"회사채(3년, AA-)",연%
20250429,2.903,"회사채(3년, AA-)",연%
20250430,2.868,"회사채(3년, AA-)",연%
20250502,2.872,"회사채(3년, AA-)",연%
20250507,2.846,"회사채(3년, AA-)",연%
20250508,2.867,"회사채(3년, AA-)",연%
20250509,2.91,"회사채(3년, AA-)",연%
20250512,2.91,"회사채(3년, AA-)",연%
20250513,2.939,"회사채(3년, AA-)",연%
20250514,2.924,"회사채(3년, AA-)",연%
20250515,2.931,"회사채(3년, AA-)",연%
20250516,2.896,"회사채(3년, AA-)",연%
20250519,2.935,"회사채(3년, AA-)",연%
20250520,2.907,"회사채(3년, AA-)",연%
20250521,2.921,"회사채(3년, AA-)",연%
20250522,2.917,"회사채(3년, AA-)",연%
20250523,2.921,"회사채(3년, AA-)",연%
20250526,2.926,"회사채(3년, AA-)",연%
20250527,2.913,"회사채(3년, AA-)",연%
20250528,2.893,"회사채(3년, AA-)",연%
20250529,2.914,"회사채(3년, AA-)",연%
20250530,2.917,"회사채(3년, AA-)",연%
20250602,2.916,"회사채(3년, AA-)",연%
20250604,2.982,"회사채(3년, AA-)",연%
20250605,2.973,"회사채(3년, AA-)",연%
20250609,2.96,"회사채(3년, AA-)",연%
20250610,2.955,"회사채(3년, AA-)",연%
20250611,2.974,"회사채(3년, AA-)",연%
20250612,2.972,"회사채(3년, AA-)",연%
20250613,2.997,"회사채(3년, AA-)",연%
20250616,3.016,"회사채(3년, AA-)",연%
20250617,2.986,"회사채(3년, AA-)",연%
20250618,3.0,"회사채(3년, AA-)",연%
20250619,3.005,"회사채(3년, AA-)",연%
20250620,2.996,"회사채(3년, AA-)",연%
20250623,3.019,"회사채(3년, AA-)",연%
20250624,2.983,"회사채(3년, AA-)",연%
20250625,2.981,"회사채(3년, AA-)",연%
20250626,2.969,"회사채(3년, AA-)",연%
20250627,2.967,"회사채(3년, AA-)",연%
20250630,2.963,"회사채(3년, AA-)",연%
20250701,2.959,"회사채(3년, AA-)",연%
20250702,2.981,"회사채(3년, AA-)",연%
20250703,2.952,"회사채(3년, AA-)",연%
20250704,2.965,"회사채(3년, AA-)",연%
20250707,2.973,"회사채(3년, AA-)",연%
20250708,2.968,"회사채(3년, AA-)",연%
20250709,2.967,"회사채(3년, AA-)",연%
20250710,2.928,"회사채(3년, AA-)",연%
20250711,2.938,"회사채(3년, AA-)",연%
20250714,2.959,"회사채(3년, AA-)",연%
20250715,2.953,"회사채(3년, AA-)",연%
20250716,2.95,"회사채(3년, AA-)",연%
20250717,2.968,"회사채(3년, AA-)",연%
20250718,2.961,"회사채(3년, AA-)",연%
20250721,2.948,"회사채(3년, AA-)",연%
20250722,2.952,"회사채(3년, AA-)",연%
20250723,2.95,"회사채(3년, AA-)",연%
20250724,2.96,"회사채(3년, AA-)",연%
20250725,2.974,"회사채(3년, AA-)",연%
20250728,2.958,"회사채(3년, AA-)",연%
20250729,2.952,"회사채(3년, AA-)",연%
20250730,2.946,"회사채(3년, AA-)",연%
20250731,2.952,"회사채(3년, AA-)",연%
20250801,2.97,"회사채(3년, AA-)",연%
20250804,2.917,"회사채(3년, AA-)",연%
20250805,2.917,"회사채(3년, AA-)",연%
20250806,2.918,"회사채(3년, AA-)",연%
20250807,2.901,"회사채(3년, AA-)",연%
20250808,2.902,"회사채(3년, AA-)",연%
20250811,2.909,"회사채(3년, AA-)",연%
20250812,2.917,"회사채(3년, AA-)",연%
20250813,2.907,"회사채(3년, AA-)",연%
20250814,2.896,"회사채(3년, AA-)",연%
20250818,2.912,"회사채(3년, AA-)",연%
20250819,2.924,"회사채(3년, AA-)",연%
20250820,2.923,"회사채(3년, AA-)",연%
20250821,2.921,"회사채(3년, AA-)",연%
20250822,2.932,"회사채(3년, AA-)",연%
20250825,2.915,"회사채(3년, AA-)",연%
20250826,2.902,"회사채(3년, AA-)",연%
20250827,2.887,"회사채(3년, AA-)",연%
20250828,2.898,"회사채(3년, AA-)",연%
20250829,2.906,"회사채(3년, AA-)",연%
20250901,2.913,"회사채(3년, AA-)",연%
20250902,2.924,"회사채(3년, AA-)",연%
20250903,2.946,"회사채(3년, AA-)",연%
20250904,2.943,"회사채(3년, AA-)",연%
20250905,2.931,"회사채(3년, AA-)",연%
20250908,2.918,"회사채(3년, AA-)",연%
20250909,2.898,"회사채(3년, AA-)",연%
20250910,2.902,"회사채(3년, AA-)",연%
20250911,2.892,"회사채(3년, AA-)",연%
20250912,2.901,"회사채(3년, AA-)",연%
20250915,2.909,"회사채(3년, AA-)",연%
20250916,2.885,"회사채(3년, AA-)",연%
20250917,2.881,"회사채(3년, AA-)",연%
20250918,2.868,"회사채(3년, AA-)",연%
20250919,2.898,"회사채(3년, AA-)",연%
20250922,2.912,"회사채(3년, AA-)",연%
20250923,2.912,"회사채(3년, AA-)",연%
20250924,2.935,"회사채(3년, AA-)",연%
20250925,2.969,"회사채(3년, AA-)",연%
20250926,3.001,"회사채(3년, AA-)",연%
20250929,3.004,"회사채(3년, AA-)",연%
20250930,3.022,"회사채(3년, AA-)",연%
20251001,3.033,"회사채(3년, AA-)",연%
20251002,3.019,"회사채(3년, AA-)",연%
20251010,3.026,"회사채(3년, AA-)",연%
20251013,2.995,"회사채(3년, AA-)",연%
20251014,2.975,"회사채(3년, AA-)",연%
20251015,2.966,"회사채(3년, AA-)",연%
20251016,3.004,"회사채(3년, AA-)",연%
20251017,2.99,"회사채(3년, AA-)",연%
20251020,3.004,"회사채(3년, AA-)",연%
20251021,3.024,"회사채(3년, AA-)",연%
20251022,2.999,"회사채(3년, AA-)",연%
20251023,3.027,"회사채(3년, AA-)",연%
20251024,3.013,"회사채(3년, AA-)",연%
20251027,3.036,"회사채(3년, AA-)",연%
20251028,3.047,"회사채(3년, AA-)",연%
20251029,3.085,"회사채(3년, AA-)",연%
20251030,3.135,"회사채(3년, AA-)",연%
20251031,3.122,"회사채(3년, AA-)",연%
20251103,3.147,"회사채(3년, AA-)",연%
20251104,3.136,"회사채(3년, AA-)",연%
20251105,3.169,"회사채(3년, AA-)",연%
20251106,3.232,"회사채(3년, AA-)",연%
20251107,3.286,"회사채(3년, AA-)",연%
20251110,3.261,"회사채(3년, AA-)",연%
20251111,3.236,"회사채(3년, AA-)",연%
20251112,3.331,"회사채(3년, AA-)",연%
20251113,3.345,"회사채(3년, AA-)",연%
20251114,3.365,"회사채(3년, AA-)",연%
20251117,3.342,"회사채(3년, AA-)",연%
20251118,3.309,"회사채(3년, AA-)",연%
20251119,3.308,"회사채(3년, AA-)",연%
20251120,3.34,"회사채(3년, AA-)",연%
20251121,3.308,"회사채(3년, AA-)",연%
20251124,3.338,"회사채(3년, AA-)",연%
20251125,3.334,"회사채(3년, AA-)",연%
20251126,3.328,"회사채(3년, AA-)",연%
20251127,3.446,"회사채(3년, AA-)",연%
20251128,3.428,"회사채(3년, AA-)",연%
20251201,3.481,"회사채(3년, AA-)",연%
20251202,3.463,"회사채(3년, AA-)",연%
20251203,3.484,"회사채(3년, AA-)",연%
20251204,3.474,"회사채(3년, AA-)",연%
20251205,3.453,"회사채(3년, AA-)",연%
20251208,3.492,"회사채(3년, AA-)",연%
20251209,3.545,"회사채(3년, AA-)",연%
20251210,3.574,"회사채(3년, AA-)",연%
20251211,3.585,"회사채(3년, AA-)",연%
20251212,3.582,"회사채(3년, AA-)",연%
20251215,3.499,"회사채(3년, AA-)",연%
20251216,3.507,"회사채(3년, AA-)",연%
20251217,3.507,"회사채(3년, AA-)",연%
20251218,3.484,"회사채(3년, AA-)",연%
20251219,3.523,"회사채(3년, AA-)",연%
20251222,3.513,"회사채(3년, AA-)",연%
20251223,3.5,"회사채(3년, AA-)",연%
20251224,3.475,"회사채(3년, AA-)",연%
20251226,3.489,"회사채(3년, AA-)",연%
20251229,3.47,"회사채(3년, AA-)",연%
20251230,3.476,"회사채(3년, AA-)",연%
20251231,3.476,"회사채(3년, AA-)",연%
20260102,3.459,"회사채(3년, AA-)",연%
20260105,3.457,"회사채(3년, AA-)",연%
20260106,3.46,"회사채(3년, AA-)",연%
20260107,3.423,"회사채(3년, AA-)",연%
20260108,3.418,"회사채(3년, AA-)",연%
20260109,3.445,"회사채(3년, AA-)",연%
20260112,3.469,"회사채(3년, AA-)",연%
20260113,3.486,"회사채(3년, AA-)",연%
20260114,3.481,"회사채(3년, AA-)",연%
20260115,3.565,"회사채(3년, AA-)",연%
20260116,3.56,"회사채(3년, AA-)",연%
20260119,3.599,"회사채(3년, AA-)",연%
20260120,3.653,"회사채(3년, AA-)",연%
20260121,3.624,"회사채(3년, AA-)",연%
20260122,3.615,"회사채(3년, AA-)",연%
20260123,3.644,"회사채(3년, AA-)",연%
20260126,3.611,"회사채(3년, AA-)",연%
20260127,3.607,"회사채(3년, AA-)",연%
20260128,3.589,"회사채(3년, AA-)",연%
20260129,3.626,"회사채(3년, AA-)",연%
20260130,3.658,"회사채(3년, AA-)",연%
20260202,3.668,"회사채(3년, AA-)",연%
20260203,3.708,"회사채(3년, AA-)",연%
20260204,3.731,"회사채(3년, AA-)",연%
20260205,3.724,"회사채(3년, AA-)",연%
20260206,3.755,"회사채(3년, AA-)",연%
20260209,3.787,"회사채(3년, AA-)",연%
20260210,3.759,"회사채(3년, AA-)",연%
20260211,3.746,"회사채(3년, AA-)",연%
20260212,3.716,"회사채(3년, AA-)",연%
20260213,3.705,"회사채(3년, AA-)",연%
20260219,3.735,"회사채(3년, AA-)",연%
20260220,3.718,"회사채(3년, AA-)",연%
20260223,3.725,"회사채(3년, AA-)",연%
20260224,3.73,"회사채(3년, AA-)",연%
20260225,3.705,"회사채(3년, AA-)",연%
20260226,3.653,"회사채(3년, AA-)",연%
20260227,3.637,"회사채(3년, AA-)",연%
20260303,3.769,"회사채(3년, AA-)",연%
20260304,3.8,"회사채(3년, AA-)",연%
20260305,3.777,"회사채(3년, AA-)",연%
20260306,3.815,"회사채(3년, AA-)",연%
20260309,3.997,"회사채(3년, AA-)",연%
20260310,3.874,"회사채(3년, AA-)",연%
20260311,3.845,"회사채(3년, AA-)",연%
20260312,3.866,"회사채(3년, AA-)",연%
20260313,3.919,"회사채(3년, AA-)",연%
20260316,3.887,"회사채(3년, AA-)",연%
20260317,3.906,"회사채(3년, AA-)",연%
20260318,3.855,"회사채(3년, AA-)",연%
20260319,3.915,"회사채(3년, AA-)",연%
20260320,3.991,"회사채(3년, AA-)",연%
20260323,4.197,"회사채(3년, AA-)",연%
20260324,4.121,"회사채(3년, AA-)",연%
20260325,4.158,"회사채(3년, AA-)",연%
20260326,4.156,"회사채(3년, AA-)",연%
20260327,4.182,"회사채(3년, AA-)",연%
20260330,4.157,"회사채(3년, AA-)",연%
20260331,4.166,"회사채(3년, AA-)",연%
20260401,4.011,"회사채(3년, AA-)",연%
20260402,4.114,"회사채(3년, AA-)",연%
20260403,4.093,"회사채(3년, AA-)",연%
20260406,4.081,"회사채(3년, AA-)",연%
20260407,4.107,"회사채(3년, AA-)",연%
20260408,3.973,"회사채(3년, AA-)",연%
20260409,3.999,"회사채(3년, AA-)",연%
20260410,4.018,"회사채(3년, AA-)",연%
20260413,4.043,"회사채(3년, AA-)",연%
20260414,4.005,"회사채(3년, AA-)",연%
20260415,3.995,"회사채(3년, AA-)",연%
20260416,4.005,"회사채(3년, AA-)",연%
20260417,4.037,"회사채(3년, AA-)",연%
20260420,4.016,"회사채(3년, AA-)",연%
20260421,3.994,"회사채(3년, AA-)",연%
20260422,4.028,"회사채(3년, AA-)",연%
20260423,4.107,"회사채(3년, AA-)",연%
20260424,4.145,"회사채(3년, AA-)",연%
20260427,4.147,"회사채(3년, AA-)",연%
20260428,4.182,"회사채(3년, AA-)",연%
20260429,4.185,"회사채(3년, AA-)",연%
20260430,4.248,"회사채(3년, AA-)",연%
20260504,4.268,"회사채(3년, AA-)",연%
20260506,4.249,"회사채(3년, AA-)",연%
20260507,4.199,"회사채(3년, AA-)",연%
20260508,4.218,"회사채(3년, AA-)",연%
20260511,4.245,"회사채(3년, AA-)",연%
20260512,4.311,"회사채(3년, AA-)",연%
20260513,4.273,"회사채(3년, AA-)",연%
20260514,4.284,"회사채(3년, AA-)",연%
20260515,4.391,"회사채(3년, AA-)",연%
20260518,4.381,"회사채(3년, AA-)",연%
20260519,4.377,"회사채(3년, AA-)",연%
20260520,4.386,"회사채(3년, AA-)",연%
20260521,4.381,"회사채(3년, AA-)",연%
20260522,4.361,"회사채(3년, AA-)",연%
20260526,4.295,"회사채(3년, AA-)",연%
20260527,4.336,"회사채(3년, AA-)",연%
20260528,4.384,"회사채(3년, AA-)",연%
20260529,4.353,"회사채(3년, AA-)",연%
20260601,4.41,"회사채(3년, AA-)",연%
20260602,4.397,"회사채(3년, AA-)",연%
20260604,4.48,"회사채(3년, AA-)",연%
20260605,4.501,"회사채(3년, AA-)",연%
20260608,4.565,"회사채(3년, AA-)",연%
20260609,4.492,"회사채(3년, AA-)",연%
20260610,4.499,"회사채(3년, AA-)",연%
20260611,4.515,"회사채(3년, AA-)",연%
20260612,4.433,"회사채(3년, AA-)",연%
20260615,4.373,"회사채(3년, AA-)",연%
20260616,4.348,"회사채(3년, AA-)",연%
20260617,4.345,"회사채(3년, AA-)",연%
20260618,4.381,"회사채(3년, AA-)",연%
20260619,4.419,"회사채(3년, AA-)",연%
20260622,4.442,"회사채(3년, AA-)",연%
20260623,4.417,"회사채(3년, AA-)",연%
20260624,4.428,"회사채(3년, AA-)",연%
20260625,4.403,"회사채(3년, AA-)",연%
20260626,4.38,"회사채(3년, AA-)",연%
20260629,4.396,"회사채(3년, AA-)",연%
20260630,4.375,"회사채(3년, AA-)",연%
20260701,4.466,"회사채(3년, AA-)",연%
20260702,4.431,"회사채(3년, AA-)",연%
20260703,4.433,"회사채(3년, AA-)",연%
20260706,4.459,"회사채(3년, AA-)",연%
20260707,4.472,"회사채(3년, AA-)",연%
20260708,4.473,"회사채(3년, AA-)",연%
20260709,4.478,"회사채(3년, AA-)",연%
20260710,4.466,"회사채(3년, AA-)",연%
20260713,4.506,"회사채(3년, AA-)",연%
20260714,4.582,"회사채(3년, AA-)",연%
20260715,4.563,"회사채(3년, AA-)",연%
20260716,4.544,"회사채(3년, AA-)",연%
20260720,4.59,"회사채(3년, AA-)",연%
20260721,4.571,"회사채(3년, AA-)",연%
20260722,4.604,"회사채(3년, AA-)",연%
20260723,4.609,"회사채(3년, AA-)",연%
20260724,4.653,"회사채(3년, AA-)",연%
20260727,4.576,"회사채(3년, AA-)",연%
20260728,4.545,"회사채(3년, AA-)",연%
20260729,4.512,"회사채(3년, AA-)",연%
20260730,4.541,"회사채(3년, AA-)",연%
20260731,4.478,"회사채(3년, AA-)",연%
20260803,4.462,"회사채(3년, AA-)",연%
20260804,4.458,"회사채(3년, AA-)",연%
20260805,4.392,"회사채(3년, AA-)",연%
20260806,4.445,"회사채(3년, AA-)",연%
20260807,4.448,"회사채(3년, AA-)",연%
20260810,4.476,"회사채(3년, AA-)",연%
20260811,4.504,"회사채(3년, AA-)",연%
20260812,4.496,"회사채(3년, AA-)",연%
20260813,4.488,"회사채(3년, AA-)",연%
20260814,4.492,"회사채(3년, AA-)",연%
20260818,4.542,"회사채(3년, AA-)",연%
20260819,4.497,"회사채(3년, AA-)",연%
20260820,4.504,"회사채(3년, AA-)",연%
20260821,4.542,"회사채(3년, AA-)",연%
20260824,4.52,"회사채(3년, AA-)",연%
20260825,4.516,"회사채(3년, AA-)",연%
20260826,4.5,"회사채(3년, AA-)",연%
20260827,4.448,"회사채(3년, AA-)",연%
20260828,4.476,"회사채(3년, AA-)",연%
20260831,4.516,"회사채(3년, AA-)",연%
20260901,4.549,"회사채(3년, AA-)",연%
20260902,4.6,"회사채(3년, AA-)",연%
20260903,4.567,"회사채(3년, AA-)",연%
20260904,4.567,"회사채(3년, AA-)",연%
