TIME,DATE,DATA_VALUE,SERIES_ID,SERIES_NAME,UNIT
20210907,2021-09-07,0.22,DGS2,미국 국채(2년물),%
20210908,2021-09-08,0.22,DGS2,미국 국채(2년물),%
20210909,2021-09-09,0.23,DGS2,미국 국채(2년물),%
20210910,2021-09-10,0.23,DGS2,미국 국채(2년물),%
20210913,2021-09-13,0.21,DGS2,미국 국채(2년물),%
20210914,2021-09-14,0.21,DGS2,미국 국채(2년물),%
20210915,2021-09-15,0.21,DGS2,미국 국채(2년물),%
20210916,2021-09-16,0.23,DGS2,미국 국채(2년물),%
20210917,2021-09-17,0.23,DGS2,미국 국채(2년물),%
20210920,2021-09-20,0.23,DGS2,미국 국채(2년물),%
20210921,2021-09-21,0.22,DGS2,미국 국채(2년물),%
20210922,2021-09-22,0.25,DGS2,미국 국채(2년물),%
20210923,2021-09-23,0.27,DGS2,미국 국채(2년물),%
20210924,2021-09-24,0.29,DGS2,미국 국채(2년물),%
20210927,2021-09-27,0.31,DGS2,미국 국채(2년물),%
20210928,2021-09-28,0.31,DGS2,미국 국채(2년물),%
20210929,2021-09-29,0.3,DGS2,미국 국채(2년물),%
20210930,2021-09-30,0.28,DGS2,미국 국채(2년물),%
20211001,2021-10-01,0.27,DGS2,미국 국채(2년물),%
20211004,2021-10-04,0.27,DGS2,미국 국채(2년물),%
20211005,2021-10-05,0.28,DGS2,미국 국채(2년물),%
20211006,2021-10-06,0.3,DGS2,미국 국채(2년물),%
20211007,2021-10-07,0.32,DGS2,미국 국채(2년물),%
20211008,2021-10-08,0.32,DGS2,미국 국채(2년물),%
20211012,2021-10-12,0.35,DGS2,미국 국채(2년물),%
20211013,2021-10-13,0.37,DGS2,미국 국채(2년물),%
20211014,2021-10-14,0.36,DGS2,미국 국채(2년물),%
20211015,2021-10-15,0.41,DGS2,미국 국채(2년물),%
20211018,2021-10-18,0.44,DGS2,미국 국채(2년물),%
20211019,2021-10-19,0.41,DGS2,미국 국채(2년물),%
20211020,2021-10-20,0.4,DGS2,미국 국채(2년물),%
20211021,2021-10-21,0.45,DGS2,미국 국채(2년물),%
20211022,2021-10-22,0.48,DGS2,미국 국채(2년물),%
20211025,2021-10-25,0.47,DGS2,미국 국채(2년물),%
20211026,2021-10-26,0.47,DGS2,미국 국채(2년물),%
20211027,2021-10-27,0.5,DGS2,미국 국채(2년물),%
20211028,2021-10-28,0.5,DGS2,미국 국채(2년물),%
20211029,2021-10-29,0.48,DGS2,미국 국채(2년물),%
20211101,2021-11-01,0.5,DGS2,미국 국채(2년물),%
20211102,2021-11-02,0.46,DGS2,미국 국채(2년물),%
20211103,2021-11-03,0.47,DGS2,미국 국채(2년물),%
20211104,2021-11-04,0.41,DGS2,미국 국채(2년물),%
20211105,2021-11-05,0.39,DGS2,미국 국채(2년물),%
20211108,2021-11-08,0.45,DGS2,미국 국채(2년물),%
20211109,2021-11-09,0.41,DGS2,미국 국채(2년물),%
20211110,2021-11-10,0.51,DGS2,미국 국채(2년물),%
20211112,2021-11-12,0.53,DGS2,미국 국채(2년물),%
20211115,2021-11-15,0.53,DGS2,미국 국채(2년물),%
20211116,2021-11-16,0.54,DGS2,미국 국채(2년물),%
20211117,2021-11-17,0.52,DGS2,미국 국채(2년물),%
20211118,2021-11-18,0.52,DGS2,미국 국채(2년물),%
20211119,2021-11-19,0.52,DGS2,미국 국채(2년물),%
20211122,2021-11-22,0.63,DGS2,미국 국채(2년물),%
20211123,2021-11-23,0.6,DGS2,미국 국채(2년물),%
20211124,2021-11-24,0.64,DGS2,미국 국채(2년물),%
20211126,2021-11-26,0.5,DGS2,미국 국채(2년물),%
20211129,2021-11-29,0.51,DGS2,미국 국채(2년물),%
20211130,2021-11-30,0.52,DGS2,미국 국채(2년물),%
20211201,2021-12-01,0.56,DGS2,미국 국채(2년물),%
20211202,2021-12-02,0.63,DGS2,미국 국채(2년물),%
20211203,2021-12-03,0.6,DGS2,미국 국채(2년물),%
20211206,2021-12-06,0.65,DGS2,미국 국채(2년물),%
20211207,2021-12-07,0.7,DGS2,미국 국채(2년물),%
20211208,2021-12-08,0.68,DGS2,미국 국채(2년물),%
20211209,2021-12-09,0.7,DGS2,미국 국채(2년물),%
20211210,2021-12-10,0.67,DGS2,미국 국채(2년물),%
20211213,2021-12-13,0.66,DGS2,미국 국채(2년물),%
20211214,2021-12-14,0.67,DGS2,미국 국채(2년물),%
20211215,2021-12-15,0.69,DGS2,미국 국채(2년물),%
20211216,2021-12-16,0.64,DGS2,미국 국채(2년물),%
20211217,2021-12-17,0.66,DGS2,미국 국채(2년물),%
20211220,2021-12-20,0.65,DGS2,미국 국채(2년물),%
20211221,2021-12-21,0.7,DGS2,미국 국채(2년물),%
20211222,2021-12-22,0.68,DGS2,미국 국채(2년물),%
20211223,2021-12-23,0.71,DGS2,미국 국채(2년물),%
20211227,2021-12-27,0.76,DGS2,미국 국채(2년물),%
20211228,2021-12-28,0.74,DGS2,미국 국채(2년물),%
20211229,2021-12-29,0.75,DGS2,미국 국채(2년물),%
20211230,2021-12-30,0.73,DGS2,미국 국채(2년물),%
20211231,2021-12-31,0.73,DGS2,미국 국채(2년물),%
20220103,2022-01-03,0.78,DGS2,미국 국채(2년물),%
20220104,2022-01-04,0.77,DGS2,미국 국채(2년물),%
20220105,2022-01-05,0.83,DGS2,미국 국채(2년물),%
20220106,2022-01-06,0.88,DGS2,미국 국채(2년물),%
20220107,2022-01-07,0.87,DGS2,미국 국채(2년물),%
20220110,2022-01-10,0.92,DGS2,미국 국채(2년물),%
20220111,2022-01-11,0.9,DGS2,미국 국채(2년물),%
20220112,2022-01-12,0.92,DGS2,미국 국채(2년물),%
20220113,2022-01-13,0.91,DGS2,미국 국채(2년물),%
20220114,2022-01-14,0.99,DGS2,미국 국채(2년물),%
20220118,2022-01-18,1.06,DGS2,미국 국채(2년물),%
20220119,2022-01-19,1.04,DGS2,미국 국채(2년물),%
20220120,2022-01-20,1.08,DGS2,미국 국채(2년물),%
20220121,2022-01-21,1.01,DGS2,미국 국채(2년물),%
20220124,2022-01-24,0.99,DGS2,미국 국채(2년물),%
20220125,2022-01-25,1.02,DGS2,미국 국채(2년물),%
20220126,2022-01-26,1.13,DGS2,미국 국채(2년물),%
20220127,2022-01-27,1.18,DGS2,미국 국채(2년물),%
20220128,2022-01-28,1.15,DGS2,미국 국채(2년물),%
20220131,2022-01-31,1.18,DGS2,미국 국채(2년물),%
20220201,2022-02-01,1.18,DGS2,미국 국채(2년물),%
20220202,2022-02-02,1.16,DGS2,미국 국채(2년물),%
20220203,2022-02-03,1.19,DGS2,미국 국채(2년물),%
20220204,2022-02-04,1.31,DGS2,미국 국채(2년물),%
20220207,2022-02-07,1.3,DGS2,미국 국채(2년물),%
20220208,2022-02-08,1.35,DGS2,미국 국채(2년물),%
20220209,2022-02-09,1.36,DGS2,미국 국채(2년물),%
20220210,2022-02-10,1.61,DGS2,미국 국채(2년물),%
20220211,2022-02-11,1.5,DGS2,미국 국채(2년물),%
20220214,2022-02-14,1.58,DGS2,미국 국채(2년물),%
20220215,2022-02-15,1.58,DGS2,미국 국채(2년물),%
20220216,2022-02-16,1.52,DGS2,미국 국채(2년물),%
20220217,2022-02-17,1.49,DGS2,미국 국채(2년물),%
20220218,2022-02-18,1.47,DGS2,미국 국채(2년물),%
20220222,2022-02-22,1.56,DGS2,미국 국채(2년물),%
20220223,2022-02-23,1.58,DGS2,미국 국채(2년물),%
20220224,2022-02-24,1.54,DGS2,미국 국채(2년물),%
20220225,2022-02-25,1.55,DGS2,미국 국채(2년물),%
20220228,2022-02-28,1.44,DGS2,미국 국채(2년물),%
20220301,2022-03-01,1.31,DGS2,미국 국채(2년물),%
20220302,2022-03-02,1.5,DGS2,미국 국채(2년물),%
20220303,2022-03-03,1.53,DGS2,미국 국채(2년물),%
20220304,2022-03-04,1.5,DGS2,미국 국채(2년물),%
20220307,2022-03-07,1.55,DGS2,미국 국채(2년물),%
20220308,2022-03-08,1.63,DGS2,미국 국채(2년물),%
20220309,2022-03-09,1.68,DGS2,미국 국채(2년물),%
20220310,2022-03-10,1.72,DGS2,미국 국채(2년물),%
20220311,2022-03-11,1.75,DGS2,미국 국채(2년물),%
20220314,2022-03-14,1.87,DGS2,미국 국채(2년물),%
20220315,2022-03-15,1.85,DGS2,미국 국채(2년물),%
20220316,2022-03-16,1.95,DGS2,미국 국채(2년물),%
20220317,2022-03-17,1.94,DGS2,미국 국채(2년물),%
20220318,2022-03-18,1.97,DGS2,미국 국채(2년물),%
20220321,2022-03-21,2.14,DGS2,미국 국채(2년물),%
20220322,2022-03-22,2.18,DGS2,미국 국채(2년물),%
20220323,2022-03-23,2.13,DGS2,미국 국채(2년물),%
20220324,2022-03-24,2.13,DGS2,미국 국채(2년물),%
20220325,2022-03-25,2.3,DGS2,미국 국채(2년물),%
20220328,2022-03-28,2.35,DGS2,미국 국채(2년물),%
20220329,2022-03-29,2.35,DGS2,미국 국채(2년물),%
20220330,2022-03-30,2.31,DGS2,미국 국채(2년물),%
20220331,2022-03-31,2.28,DGS2,미국 국채(2년물),%
20220401,2022-04-01,2.44,DGS2,미국 국채(2년물),%
20220404,2022-04-04,2.43,DGS2,미국 국채(2년물),%
20220405,2022-04-05,2.51,DGS2,미국 국채(2년물),%
20220406,2022-04-06,2.5,DGS2,미국 국채(2년물),%
20220407,2022-04-07,2.47,DGS2,미국 국채(2년물),%
20220408,2022-04-08,2.53,DGS2,미국 국채(2년물),%
20220411,2022-04-11,2.5,DGS2,미국 국채(2년물),%
20220412,2022-04-12,2.39,DGS2,미국 국채(2년물),%
20220413,2022-04-13,2.37,DGS2,미국 국채(2년물),%
20220414,2022-04-14,2.47,DGS2,미국 국채(2년물),%
20220418,2022-04-18,2.46,DGS2,미국 국채(2년물),%
20220419,2022-04-19,2.61,DGS2,미국 국채(2년물),%
20220420,2022-04-20,2.6,DGS2,미국 국채(2년물),%
20220421,2022-04-21,2.68,DGS2,미국 국채(2년물),%
20220422,2022-04-22,2.72,DGS2,미국 국채(2년물),%
20220425,2022-04-25,2.63,DGS2,미국 국채(2년물),%
20220426,2022-04-26,2.54,DGS2,미국 국채(2년물),%
20220427,2022-04-27,2.58,DGS2,미국 국채(2년물),%
20220428,2022-04-28,2.63,DGS2,미국 국채(2년물),%
20220429,2022-04-29,2.7,DGS2,미국 국채(2년물),%
20220502,2022-05-02,2.73,DGS2,미국 국채(2년물),%
20220503,2022-05-03,2.78,DGS2,미국 국채(2년물),%
20220504,2022-05-04,2.66,DGS2,미국 국채(2년물),%
20220505,2022-05-05,2.71,DGS2,미국 국채(2년물),%
20220506,2022-05-06,2.72,DGS2,미국 국채(2년물),%
20220509,2022-05-09,2.61,DGS2,미국 국채(2년물),%
20220510,2022-05-10,2.62,DGS2,미국 국채(2년물),%
20220511,2022-05-11,2.66,DGS2,미국 국채(2년물),%
20220512,2022-05-12,2.56,DGS2,미국 국채(2년물),%
20220513,2022-05-13,2.61,DGS2,미국 국채(2년물),%
20220516,2022-05-16,2.58,DGS2,미국 국채(2년물),%
20220517,2022-05-17,2.71,DGS2,미국 국채(2년물),%
20220518,2022-05-18,2.68,DGS2,미국 국채(2년물),%
20220519,2022-05-19,2.63,DGS2,미국 국채(2년물),%
20220520,2022-05-20,2.6,DGS2,미국 국채(2년물),%
20220523,2022-05-23,2.65,DGS2,미국 국채(2년물),%
20220524,2022-05-24,2.5,DGS2,미국 국채(2년물),%
20220525,2022-05-25,2.48,DGS2,미국 국채(2년물),%
20220526,2022-05-26,2.46,DGS2,미국 국채(2년물),%
20220527,2022-05-27,2.47,DGS2,미국 국채(2년물),%
20220531,2022-05-31,2.53,DGS2,미국 국채(2년물),%
20220601,2022-06-01,2.66,DGS2,미국 국채(2년물),%
20220602,2022-06-02,2.65,DGS2,미국 국채(2년물),%
20220603,2022-06-03,2.66,DGS2,미국 국채(2년물),%
20220606,2022-06-06,2.73,DGS2,미국 국채(2년물),%
20220607,2022-06-07,2.75,DGS2,미국 국채(2년물),%
20220608,2022-06-08,2.78,DGS2,미국 국채(2년물),%
20220609,2022-06-09,2.83,DGS2,미국 국채(2년물),%
20220610,2022-06-10,3.06,DGS2,미국 국채(2년물),%
20220613,2022-06-13,3.4,DGS2,미국 국채(2년물),%
20220614,2022-06-14,3.45,DGS2,미국 국채(2년물),%
20220615,2022-06-15,3.2,DGS2,미국 국채(2년물),%
20220616,2022-06-16,3.14,DGS2,미국 국채(2년물),%
20220617,2022-06-17,3.17,DGS2,미국 국채(2년물),%
20220621,2022-06-21,3.21,DGS2,미국 국채(2년물),%
20220622,2022-06-22,3.06,DGS2,미국 국채(2년물),%
20220623,2022-06-23,3.01,DGS2,미국 국채(2년물),%
20220624,2022-06-24,3.04,DGS2,미국 국채(2년물),%
20220627,2022-06-27,3.08,DGS2,미국 국채(2년물),%
20220628,2022-06-28,3.1,DGS2,미국 국채(2년물),%
20220629,2022-06-29,3.06,DGS2,미국 국채(2년물),%
20220630,2022-06-30,2.92,DGS2,미국 국채(2년물),%
20220701,2022-07-01,2.84,DGS2,미국 국채(2년물),%
20220705,2022-07-05,2.82,DGS2,미국 국채(2년물),%
20220706,2022-07-06,2.97,DGS2,미국 국채(2년물),%
20220707,2022-07-07,3.03,DGS2,미국 국채(2년물),%
20220708,2022-07-08,3.12,DGS2,미국 국채(2년물),%
20220711,2022-07-11,3.07,DGS2,미국 국채(2년물),%
20220712,2022-07-12,3.03,DGS2,미국 국채(2년물),%
20220713,2022-07-13,3.13,DGS2,미국 국채(2년물),%
20220714,2022-07-14,3.15,DGS2,미국 국채(2년물),%
20220715,2022-07-15,3.13,DGS2,미국 국채(2년물),%
20220718,2022-07-18,3.15,DGS2,미국 국채(2년물),%
20220719,2022-07-19,3.23,DGS2,미국 국채(2년물),%
20220720,2022-07-20,3.25,DGS2,미국 국채(2년물),%
20220721,2022-07-21,3.1,DGS2,미국 국채(2년물),%
20220722,2022-07-22,2.98,DGS2,미국 국채(2년물),%
20220725,2022-07-25,3.0,DGS2,미국 국채(2년물),%
20220726,2022-07-26,3.02,DGS2,미국 국채(2년물),%
20220727,2022-07-27,2.96,DGS2,미국 국채(2년물),%
20220728,2022-07-28,2.85,DGS2,미국 국채(2년물),%
20220729,2022-07-29,2.89,DGS2,미국 국채(2년물),%
20220801,2022-08-01,2.9,DGS2,미국 국채(2년물),%
20220802,2022-08-02,3.06,DGS2,미국 국채(2년물),%
20220803,2022-08-03,3.1,DGS2,미국 국채(2년물),%
20220804,2022-08-04,3.03,DGS2,미국 국채(2년물),%
20220805,2022-08-05,3.24,DGS2,미국 국채(2년물),%
20220808,2022-08-08,3.21,DGS2,미국 국채(2년물),%
20220809,2022-08-09,3.28,DGS2,미국 국채(2년물),%
20220810,2022-08-10,3.23,DGS2,미국 국채(2년물),%
20220811,2022-08-11,3.23,DGS2,미국 국채(2년물),%
20220812,2022-08-12,3.25,DGS2,미국 국채(2년물),%
20220815,2022-08-15,3.2,DGS2,미국 국채(2년물),%
20220816,2022-08-16,3.25,DGS2,미국 국채(2년물),%
20220817,2022-08-17,3.28,DGS2,미국 국채(2년물),%
20220818,2022-08-18,3.22,DGS2,미국 국채(2년물),%
20220819,2022-08-19,3.25,DGS2,미국 국채(2년물),%
20220822,2022-08-22,3.32,DGS2,미국 국채(2년물),%
20220823,2022-08-23,3.29,DGS2,미국 국채(2년물),%
20220824,2022-08-24,3.36,DGS2,미국 국채(2년물),%
20220825,2022-08-25,3.35,DGS2,미국 국채(2년물),%
20220826,2022-08-26,3.37,DGS2,미국 국채(2년물),%
20220829,2022-08-29,3.42,DGS2,미국 국채(2년물),%
20220830,2022-08-30,3.46,DGS2,미국 국채(2년물),%
20220831,2022-08-31,3.45,DGS2,미국 국채(2년물),%
20220901,2022-09-01,3.51,DGS2,미국 국채(2년물),%
20220902,2022-09-02,3.4,DGS2,미국 국채(2년물),%
20220906,2022-09-06,3.5,DGS2,미국 국채(2년물),%
20220907,2022-09-07,3.45,DGS2,미국 국채(2년물),%
20220908,2022-09-08,3.48,DGS2,미국 국채(2년물),%
20220909,2022-09-09,3.56,DGS2,미국 국채(2년물),%
20220912,2022-09-12,3.58,DGS2,미국 국채(2년물),%
20220913,2022-09-13,3.75,DGS2,미국 국채(2년물),%
20220914,2022-09-14,3.78,DGS2,미국 국채(2년물),%
20220915,2022-09-15,3.87,DGS2,미국 국채(2년물),%
20220916,2022-09-16,3.85,DGS2,미국 국채(2년물),%
20220919,2022-09-19,3.95,DGS2,미국 국채(2년물),%
20220920,2022-09-20,3.96,DGS2,미국 국채(2년물),%
20220921,2022-09-21,4.02,DGS2,미국 국채(2년물),%
20220922,2022-09-22,4.11,DGS2,미국 국채(2년물),%
20220923,2022-09-23,4.2,DGS2,미국 국채(2년물),%
20220926,2022-09-26,4.27,DGS2,미국 국채(2년물),%
20220927,2022-09-27,4.3,DGS2,미국 국채(2년물),%
20220928,2022-09-28,4.07,DGS2,미국 국채(2년물),%
20220929,2022-09-29,4.16,DGS2,미국 국채(2년물),%
20220930,2022-09-30,4.22,DGS2,미국 국채(2년물),%
20221003,2022-10-03,4.12,DGS2,미국 국채(2년물),%
20221004,2022-10-04,4.1,DGS2,미국 국채(2년물),%
20221005,2022-10-05,4.15,DGS2,미국 국채(2년물),%
20221006,2022-10-06,4.23,DGS2,미국 국채(2년물),%
20221007,2022-10-07,4.3,DGS2,미국 국채(2년물),%
20221011,2022-10-11,4.3,DGS2,미국 국채(2년물),%
20221012,2022-10-12,4.28,DGS2,미국 국채(2년물),%
20221013,2022-10-13,4.47,DGS2,미국 국채(2년물),%
20221014,2022-10-14,4.48,DGS2,미국 국채(2년물),%
20221017,2022-10-17,4.45,DGS2,미국 국채(2년물),%
20221018,2022-10-18,4.43,DGS2,미국 국채(2년물),%
20221019,2022-10-19,4.55,DGS2,미국 국채(2년물),%
20221020,2022-10-20,4.62,DGS2,미국 국채(2년물),%
20221021,2022-10-21,4.49,DGS2,미국 국채(2년물),%
20221024,2022-10-24,4.5,DGS2,미국 국채(2년물),%
20221025,2022-10-25,4.42,DGS2,미국 국채(2년물),%
20221026,2022-10-26,4.39,DGS2,미국 국채(2년물),%
20221027,2022-10-27,4.3,DGS2,미국 국채(2년물),%
20221028,2022-10-28,4.41,DGS2,미국 국채(2년물),%
20221031,2022-10-31,4.51,DGS2,미국 국채(2년물),%
20221101,2022-11-01,4.54,DGS2,미국 국채(2년물),%
20221102,2022-11-02,4.61,DGS2,미국 국채(2년물),%
20221103,2022-11-03,4.71,DGS2,미국 국채(2년물),%
20221104,2022-11-04,4.66,DGS2,미국 국채(2년물),%
20221107,2022-11-07,4.72,DGS2,미국 국채(2년물),%
20221108,2022-11-08,4.67,DGS2,미국 국채(2년물),%
20221109,2022-11-09,4.61,DGS2,미국 국채(2년물),%
20221110,2022-11-10,4.34,DGS2,미국 국채(2년물),%
20221114,2022-11-14,4.4,DGS2,미국 국채(2년물),%
20221115,2022-11-15,4.37,DGS2,미국 국채(2년물),%
20221116,2022-11-16,4.35,DGS2,미국 국채(2년물),%
20221117,2022-11-17,4.43,DGS2,미국 국채(2년물),%
20221118,2022-11-18,4.51,DGS2,미국 국채(2년물),%
20221121,2022-11-21,4.48,DGS2,미국 국채(2년물),%
20221122,2022-11-22,4.47,DGS2,미국 국채(2년물),%
20221123,2022-11-23,4.46,DGS2,미국 국채(2년물),%
20221125,2022-11-25,4.42,DGS2,미국 국채(2년물),%
20221128,2022-11-28,4.46,DGS2,미국 국채(2년물),%
20221129,2022-11-29,4.48,DGS2,미국 국채(2년물),%
20221130,2022-11-30,4.38,DGS2,미국 국채(2년물),%
20221201,2022-12-01,4.25,DGS2,미국 국채(2년물),%
20221202,2022-12-02,4.28,DGS2,미국 국채(2년물),%
20221205,2022-12-05,4.41,DGS2,미국 국채(2년물),%
20221206,2022-12-06,4.34,DGS2,미국 국채(2년물),%
20221207,2022-12-07,4.26,DGS2,미국 국채(2년물),%
20221208,2022-12-08,4.31,DGS2,미국 국채(2년물),%
20221209,2022-12-09,4.33,DGS2,미국 국채(2년물),%
20221212,2022-12-12,4.39,DGS2,미국 국채(2년물),%
20221213,2022-12-13,4.22,DGS2,미국 국채(2년물),%
20221214,2022-12-14,4.23,DGS2,미국 국채(2년물),%
20221215,2022-12-15,4.23,DGS2,미국 국채(2년물),%
20221216,2022-12-16,4.17,DGS2,미국 국채(2년물),%
20221219,2022-12-19,4.25,DGS2,미국 국채(2년물),%
20221220,2022-12-20,4.25,DGS2,미국 국채(2년물),%
20221221,2022-12-21,4.21,DGS2,미국 국채(2년물),%
20221222,2022-12-22,4.24,DGS2,미국 국채(2년물),%
20221223,2022-12-23,4.31,DGS2,미국 국채(2년물),%
20221227,2022-12-27,4.32,DGS2,미국 국채(2년물),%
20221228,2022-12-28,4.31,DGS2,미국 국채(2년물),%
20221229,2022-12-29,4.34,DGS2,미국 국채(2년물),%
20221230,2022-12-30,4.41,DGS2,미국 국채(2년물),%
20230103,2023-01-03,4.4,DGS2,미국 국채(2년물),%
20230104,2023-01-04,4.36,DGS2,미국 국채(2년물),%
20230105,2023-01-05,4.45,DGS2,미국 국채(2년물),%
20230106,2023-01-06,4.24,DGS2,미국 국채(2년물),%
20230109,2023-01-09,4.19,DGS2,미국 국채(2년물),%
20230110,2023-01-10,4.24,DGS2,미국 국채(2년물),%
20230111,2023-01-11,4.2,DGS2,미국 국채(2년물),%
20230112,2023-01-12,4.12,DGS2,미국 국채(2년물),%
20230113,2023-01-13,4.22,DGS2,미국 국채(2년물),%
20230117,2023-01-17,4.18,DGS2,미국 국채(2년물),%
20230118,2023-01-18,4.06,DGS2,미국 국채(2년물),%
20230119,2023-01-19,4.09,DGS2,미국 국채(2년물),%
20230120,2023-01-20,4.14,DGS2,미국 국채(2년물),%
20230123,2023-01-23,4.21,DGS2,미국 국채(2년물),%
20230124,2023-01-24,4.12,DGS2,미국 국채(2년물),%
20230125,2023-01-25,4.11,DGS2,미국 국채(2년물),%
20230126,2023-01-26,4.17,DGS2,미국 국채(2년물),%
20230127,2023-01-27,4.19,DGS2,미국 국채(2년물),%
20230130,2023-01-30,4.25,DGS2,미국 국채(2년물),%
20230131,2023-01-31,4.21,DGS2,미국 국채(2년물),%
20230201,2023-02-01,4.09,DGS2,미국 국채(2년물),%
20230202,2023-02-02,4.09,DGS2,미국 국채(2년물),%
20230203,2023-02-03,4.3,DGS2,미국 국채(2년물),%
20230206,2023-02-06,4.44,DGS2,미국 국채(2년물),%
20230207,2023-02-07,4.47,DGS2,미국 국채(2년물),%
20230208,2023-02-08,4.45,DGS2,미국 국채(2년물),%
20230209,2023-02-09,4.48,DGS2,미국 국채(2년물),%
20230210,2023-02-10,4.5,DGS2,미국 국채(2년물),%
20230213,2023-02-13,4.52,DGS2,미국 국채(2년물),%
20230214,2023-02-14,4.6,DGS2,미국 국채(2년물),%
20230215,2023-02-15,4.62,DGS2,미국 국채(2년물),%
20230216,2023-02-16,4.62,DGS2,미국 국채(2년물),%
20230217,2023-02-17,4.6,DGS2,미국 국채(2년물),%
20230221,2023-02-21,4.67,DGS2,미국 국채(2년물),%
20230222,2023-02-22,4.66,DGS2,미국 국채(2년물),%
20230223,2023-02-23,4.66,DGS2,미국 국채(2년물),%
20230224,2023-02-24,4.78,DGS2,미국 국채(2년물),%
20230227,2023-02-27,4.78,DGS2,미국 국채(2년물),%
20230228,2023-02-28,4.81,DGS2,미국 국채(2년물),%
20230301,2023-03-01,4.89,DGS2,미국 국채(2년물),%
20230302,2023-03-02,4.89,DGS2,미국 국채(2년물),%
20230303,2023-03-03,4.86,DGS2,미국 국채(2년물),%
20230306,2023-03-06,4.89,DGS2,미국 국채(2년물),%
20230307,2023-03-07,5.0,DGS2,미국 국채(2년물),%
20230308,2023-03-08,5.05,DGS2,미국 국채(2년물),%
20230309,2023-03-09,4.9,DGS2,미국 국채(2년물),%
20230310,2023-03-10,4.6,DGS2,미국 국채(2년물),%
20230313,2023-03-13,4.03,DGS2,미국 국채(2년물),%
20230314,2023-03-14,4.2,DGS2,미국 국채(2년물),%
20230315,2023-03-15,3.93,DGS2,미국 국채(2년물),%
20230316,2023-03-16,4.14,DGS2,미국 국채(2년물),%
20230317,2023-03-17,3.81,DGS2,미국 국채(2년물),%
20230320,2023-03-20,3.92,DGS2,미국 국채(2년물),%
20230321,2023-03-21,4.17,DGS2,미국 국채(2년물),%
20230322,2023-03-22,3.96,DGS2,미국 국채(2년물),%
20230323,2023-03-23,3.76,DGS2,미국 국채(2년물),%
20230324,2023-03-24,3.76,DGS2,미국 국채(2년물),%
20230327,2023-03-27,3.94,DGS2,미국 국채(2년물),%
20230328,2023-03-28,4.02,DGS2,미국 국채(2년물),%
20230329,2023-03-29,4.08,DGS2,미국 국채(2년물),%
20230330,2023-03-30,4.1,DGS2,미국 국채(2년물),%
20230331,2023-03-31,4.06,DGS2,미국 국채(2년물),%
20230403,2023-04-03,3.97,DGS2,미국 국채(2년물),%
20230404,2023-04-04,3.84,DGS2,미국 국채(2년물),%
20230405,2023-04-05,3.79,DGS2,미국 국채(2년물),%
20230406,2023-04-06,3.82,DGS2,미국 국채(2년물),%
20230407,2023-04-07,3.97,DGS2,미국 국채(2년물),%
20230410,2023-04-10,4.0,DGS2,미국 국채(2년물),%
20230411,2023-04-11,4.03,DGS2,미국 국채(2년물),%
20230412,2023-04-12,3.95,DGS2,미국 국채(2년물),%
20230413,2023-04-13,3.96,DGS2,미국 국채(2년물),%
20230414,2023-04-14,4.08,DGS2,미국 국채(2년물),%
20230417,2023-04-17,4.18,DGS2,미국 국채(2년물),%
20230418,2023-04-18,4.19,DGS2,미국 국채(2년물),%
20230419,2023-04-19,4.24,DGS2,미국 국채(2년물),%
20230420,2023-04-20,4.14,DGS2,미국 국채(2년물),%
20230421,2023-04-21,4.17,DGS2,미국 국채(2년물),%
20230424,2023-04-24,4.12,DGS2,미국 국채(2년물),%
20230425,2023-04-25,3.86,DGS2,미국 국채(2년물),%
20230426,2023-04-26,3.9,DGS2,미국 국채(2년물),%
20230427,2023-04-27,4.07,DGS2,미국 국채(2년물),%
20230428,2023-04-28,4.04,DGS2,미국 국채(2년물),%
20230501,2023-05-01,4.14,DGS2,미국 국채(2년물),%
20230502,2023-05-02,3.97,DGS2,미국 국채(2년물),%
20230503,2023-05-03,3.89,DGS2,미국 국채(2년물),%
20230504,2023-05-04,3.75,DGS2,미국 국채(2년물),%
20230505,2023-05-05,3.92,DGS2,미국 국채(2년물),%
20230508,2023-05-08,4.0,DGS2,미국 국채(2년물),%
20230509,2023-05-09,4.01,DGS2,미국 국채(2년물),%
20230510,2023-05-10,3.9,DGS2,미국 국채(2년물),%
20230511,2023-05-11,3.89,DGS2,미국 국채(2년물),%
20230512,2023-05-12,3.98,DGS2,미국 국채(2년물),%
20230515,2023-05-15,3.99,DGS2,미국 국채(2년물),%
20230516,2023-05-16,4.06,DGS2,미국 국채(2년물),%
20230517,2023-05-17,4.12,DGS2,미국 국채(2년물),%
20230518,2023-05-18,4.24,DGS2,미국 국채(2년물),%
20230519,2023-05-19,4.28,DGS2,미국 국채(2년물),%
20230522,2023-05-22,4.29,DGS2,미국 국채(2년물),%
20230523,2023-05-23,4.26,DGS2,미국 국채(2년물),%
20230524,2023-05-24,4.31,DGS2,미국 국채(2년물),%
20230525,2023-05-25,4.5,DGS2,미국 국채(2년물),%
20230526,2023-05-26,4.54,DGS2,미국 국채(2년물),%
20230530,2023-05-30,4.46,DGS2,미국 국채(2년물),%
20230531,2023-05-31,4.4,DGS2,미국 국채(2년물),%
20230601,2023-06-01,4.33,DGS2,미국 국채(2년물),%
20230602,2023-06-02,4.5,DGS2,미국 국채(2년물),%
20230605,2023-06-05,4.46,DGS2,미국 국채(2년물),%
20230606,2023-06-06,4.51,DGS2,미국 국채(2년물),%
20230607,2023-06-07,4.56,DGS2,미국 국채(2년물),%
20230608,2023-06-08,4.52,DGS2,미국 국채(2년물),%
20230609,2023-06-09,4.59,DGS2,미국 국채(2년물),%
20230612,2023-06-12,4.55,DGS2,미국 국채(2년물),%
20230613,2023-06-13,4.67,DGS2,미국 국채(2년물),%
20230614,2023-06-14,4.74,DGS2,미국 국채(2년물),%
20230615,2023-06-15,4.62,DGS2,미국 국채(2년물),%
20230616,2023-06-16,4.7,DGS2,미국 국채(2년물),%
20230620,2023-06-20,4.68,DGS2,미국 국채(2년물),%
20230621,2023-06-21,4.68,DGS2,미국 국채(2년물),%
20230622,2023-06-22,4.77,DGS2,미국 국채(2년물),%
20230623,2023-06-23,4.71,DGS2,미국 국채(2년물),%
20230626,2023-06-26,4.65,DGS2,미국 국채(2년물),%
20230627,2023-06-27,4.74,DGS2,미국 국채(2년물),%
20230628,2023-06-28,4.71,DGS2,미국 국채(2년물),%
20230629,2023-06-29,4.87,DGS2,미국 국채(2년물),%
20230630,2023-06-30,4.87,DGS2,미국 국채(2년물),%
20230703,2023-07-03,4.94,DGS2,미국 국채(2년물),%
20230705,2023-07-05,4.94,DGS2,미국 국채(2년물),%
20230706,2023-07-06,4.99,DGS2,미국 국채(2년물),%
20230707,2023-07-07,4.94,DGS2,미국 국채(2년물),%
20230710,2023-07-10,4.85,DGS2,미국 국채(2년물),%
20230711,2023-07-11,4.88,DGS2,미국 국채(2년물),%
20230712,2023-07-12,4.72,DGS2,미국 국채(2년물),%
20230713,2023-07-13,4.59,DGS2,미국 국채(2년물),%
20230714,2023-07-14,4.74,DGS2,미국 국채(2년물),%
20230717,2023-07-17,4.74,DGS2,미국 국채(2년물),%
20230718,2023-07-18,4.74,DGS2,미국 국채(2년물),%
20230719,2023-07-19,4.74,DGS2,미국 국채(2년물),%
20230720,2023-07-20,4.8,DGS2,미국 국채(2년물),%
20230721,2023-07-21,4.82,DGS2,미국 국채(2년물),%
20230724,2023-07-24,4.81,DGS2,미국 국채(2년물),%
20230725,2023-07-25,4.85,DGS2,미국 국채(2년물),%
20230726,2023-07-26,4.82,DGS2,미국 국채(2년물),%
20230727,2023-07-27,4.91,DGS2,미국 국채(2년물),%
20230728,2023-07-28,4.87,DGS2,미국 국채(2년물),%
20230731,2023-07-31,4.88,DGS2,미국 국채(2년물),%
20230801,2023-08-01,4.92,DGS2,미국 국채(2년물),%
20230802,2023-08-02,4.88,DGS2,미국 국채(2년물),%
20230803,2023-08-03,4.9,DGS2,미국 국채(2년물),%
20230804,2023-08-04,4.78,DGS2,미국 국채(2년물),%
20230807,2023-08-07,4.76,DGS2,미국 국채(2년물),%
20230808,2023-08-08,4.74,DGS2,미국 국채(2년물),%
20230809,2023-08-09,4.79,DGS2,미국 국채(2년물),%
20230810,2023-08-10,4.82,DGS2,미국 국채(2년물),%
20230811,2023-08-11,4.89,DGS2,미국 국채(2년물),%
20230814,2023-08-14,4.96,DGS2,미국 국채(2년물),%
20230815,2023-08-15,4.92,DGS2,미국 국채(2년물),%
20230816,2023-08-16,4.97,DGS2,미국 국채(2년물),%
20230817,2023-08-17,4.94,DGS2,미국 국채(2년물),%
20230818,2023-08-18,4.92,DGS2,미국 국채(2년물),%
20230821,2023-08-21,4.97,DGS2,미국 국채(2년물),%
20230822,2023-08-22,5.02,DGS2,미국 국채(2년물),%
20230823,2023-08-23,4.95,DGS2,미국 국채(2년물),%
20230824,2023-08-24,4.98,DGS2,미국 국채(2년물),%
20230825,2023-08-25,5.03,DGS2,미국 국채(2년물),%
20230828,2023-08-28,4.98,DGS2,미국 국채(2년물),%
20230829,2023-08-29,4.87,DGS2,미국 국채(2년물),%
20230830,2023-08-30,4.9,DGS2,미국 국채(2년물),%
20230831,2023-08-31,4.85,DGS2,미국 국채(2년물),%
20230901,2023-09-01,4.87,DGS2,미국 국채(2년물),%
20230905,2023-09-05,4.94,DGS2,미국 국채(2년물),%
20230906,2023-09-06,5.01,DGS2,미국 국채(2년물),%
20230907,2023-09-07,4.94,DGS2,미국 국채(2년물),%
20230908,2023-09-08,4.98,DGS2,미국 국채(2년물),%
20230911,2023-09-11,4.97,DGS2,미국 국채(2년물),%
20230912,2023-09-12,4.98,DGS2,미국 국채(2년물),%
20230913,2023-09-13,4.96,DGS2,미국 국채(2년물),%
20230914,2023-09-14,5.0,DGS2,미국 국채(2년물),%
20230915,2023-09-15,5.02,DGS2,미국 국채(2년물),%
20230918,2023-09-18,5.05,DGS2,미국 국채(2년물),%
20230919,2023-09-19,5.08,DGS2,미국 국채(2년물),%
20230920,2023-09-20,5.12,DGS2,미국 국채(2년물),%
20230921,2023-09-21,5.12,DGS2,미국 국채(2년물),%
20230922,2023-09-22,5.1,DGS2,미국 국채(2년물),%
20230925,2023-09-25,5.09,DGS2,미국 국채(2년물),%
20230926,2023-09-26,5.04,DGS2,미국 국채(2년물),%
20230927,2023-09-27,5.1,DGS2,미국 국채(2년물),%
20230928,2023-09-28,5.04,DGS2,미국 국채(2년물),%
20230929,2023-09-29,5.03,DGS2,미국 국채(2년물),%
20231002,2023-10-02,5.12,DGS2,미국 국채(2년물),%
20231003,2023-10-03,5.15,DGS2,미국 국채(2년물),%
20231004,2023-10-04,5.05,DGS2,미국 국채(2년물),%
20231005,2023-10-05,5.03,DGS2,미국 국채(2년물),%
20231006,2023-10-06,5.08,DGS2,미국 국채(2년물),%
20231010,2023-10-10,4.96,DGS2,미국 국채(2년물),%
20231011,2023-10-11,4.99,DGS2,미국 국채(2년물),%
20231012,2023-10-12,5.06,DGS2,미국 국채(2년물),%
20231013,2023-10-13,5.04,DGS2,미국 국채(2년물),%
20231016,2023-10-16,5.09,DGS2,미국 국채(2년물),%
20231017,2023-10-17,5.19,DGS2,미국 국채(2년물),%
20231018,2023-10-18,5.19,DGS2,미국 국채(2년물),%
20231019,2023-10-19,5.14,DGS2,미국 국채(2년물),%
20231020,2023-10-20,5.07,DGS2,미국 국채(2년물),%
20231023,2023-10-23,5.05,DGS2,미국 국채(2년물),%
20231024,2023-10-24,5.02,DGS2,미국 국채(2년물),%
20231025,2023-10-25,5.08,DGS2,미국 국채(2년물),%
20231026,2023-10-26,5.02,DGS2,미국 국채(2년물),%
20231027,2023-10-27,4.99,DGS2,미국 국채(2년물),%
20231030,2023-10-30,5.03,DGS2,미국 국채(2년물),%
20231031,2023-10-31,5.07,DGS2,미국 국채(2년물),%
20231101,2023-11-01,4.95,DGS2,미국 국채(2년물),%
20231102,2023-11-02,4.98,DGS2,미국 국채(2년물),%
20231103,2023-11-03,4.83,DGS2,미국 국채(2년물),%
20231106,2023-11-06,4.93,DGS2,미국 국채(2년물),%
20231107,2023-11-07,4.91,DGS2,미국 국채(2년물),%
20231108,2023-11-08,4.93,DGS2,미국 국채(2년물),%
20231109,2023-11-09,5.03,DGS2,미국 국채(2년물),%
20231110,2023-11-10,5.04,DGS2,미국 국채(2년물),%
20231113,2023-11-13,5.02,DGS2,미국 국채(2년물),%
20231114,2023-11-14,4.8,DGS2,미국 국채(2년물),%
20231115,2023-11-15,4.9,DGS2,미국 국채(2년물),%
20231116,2023-11-16,4.83,DGS2,미국 국채(2년물),%
20231117,2023-11-17,4.88,DGS2,미국 국채(2년물),%
20231120,2023-11-20,4.89,DGS2,미국 국채(2년물),%
20231121,2023-11-21,4.86,DGS2,미국 국채(2년물),%
20231122,2023-11-22,4.89,DGS2,미국 국채(2년물),%
20231124,2023-11-24,4.92,DGS2,미국 국채(2년물),%
20231127,2023-11-27,4.84,DGS2,미국 국채(2년물),%
20231128,2023-11-28,4.73,DGS2,미국 국채(2년물),%
20231129,2023-11-29,4.64,DGS2,미국 국채(2년물),%
20231130,2023-11-30,4.73,DGS2,미국 국채(2년물),%
20231201,2023-12-01,4.56,DGS2,미국 국채(2년물),%
20231204,2023-12-04,4.64,DGS2,미국 국채(2년물),%
20231205,2023-12-05,4.57,DGS2,미국 국채(2년물),%
20231206,2023-12-06,4.6,DGS2,미국 국채(2년물),%
20231207,2023-12-07,4.58,DGS2,미국 국채(2년물),%
20231208,2023-12-08,4.71,DGS2,미국 국채(2년물),%
20231211,2023-12-11,4.71,DGS2,미국 국채(2년물),%
20231212,2023-12-12,4.73,DGS2,미국 국채(2년물),%
20231213,2023-12-13,4.46,DGS2,미국 국채(2년물),%
20231214,2023-12-14,4.37,DGS2,미국 국채(2년물),%
20231215,2023-12-15,4.44,DGS2,미국 국채(2년물),%
20231218,2023-12-18,4.43,DGS2,미국 국채(2년물),%
20231219,2023-12-19,4.41,DGS2,미국 국채(2년물),%
20231220,2023-12-20,4.34,DGS2,미국 국채(2년물),%
20231221,2023-12-21,4.33,DGS2,미국 국채(2년물),%
20231222,2023-12-22,4.31,DGS2,미국 국채(2년물),%
20231226,2023-12-26,4.26,DGS2,미국 국채(2년물),%
20231227,2023-12-27,4.2,DGS2,미국 국채(2년물),%
20231228,2023-12-28,4.26,DGS2,미국 국채(2년물),%
20231229,2023-12-29,4.23,DGS2,미국 국채(2년물),%
20240102,2024-01-02,4.33,DGS2,미국 국채(2년물),%
20240103,2024-01-03,4.33,DGS2,미국 국채(2년물),%
20240104,2024-01-04,4.38,DGS2,미국 국채(2년물),%
20240105,2024-01-05,4.4,DGS2,미국 국채(2년물),%
20240108,2024-01-08,4.36,DGS2,미국 국채(2년물),%
20240109,2024-01-09,4.36,DGS2,미국 국채(2년물),%
20240110,2024-01-10,4.37,DGS2,미국 국채(2년물),%
20240111,2024-01-11,4.26,DGS2,미국 국채(2년물),%
20240112,2024-01-12,4.14,DGS2,미국 국채(2년물),%
20240116,2024-01-16,4.22,DGS2,미국 국채(2년물),%
20240117,2024-01-17,4.34,DGS2,미국 국채(2년물),%
20240118,2024-01-18,4.34,DGS2,미국 국채(2년물),%
20240119,2024-01-19,4.39,DGS2,미국 국채(2년물),%
20240122,2024-01-22,4.37,DGS2,미국 국채(2년물),%
20240123,2024-01-23,4.31,DGS2,미국 국채(2년물),%
20240124,2024-01-24,4.34,DGS2,미국 국채(2년물),%
20240125,2024-01-25,4.28,DGS2,미국 국채(2년물),%
20240126,2024-01-26,4.34,DGS2,미국 국채(2년물),%
20240129,2024-01-29,4.29,DGS2,미국 국채(2년물),%
20240130,2024-01-30,4.36,DGS2,미국 국채(2년물),%
20240131,2024-01-31,4.27,DGS2,미국 국채(2년물),%
20240201,2024-02-01,4.2,DGS2,미국 국채(2년물),%
20240202,2024-02-02,4.36,DGS2,미국 국채(2년물),%
20240205,2024-02-05,4.46,DGS2,미국 국채(2년물),%
20240206,2024-02-06,4.39,DGS2,미국 국채(2년물),%
20240207,2024-02-07,4.41,DGS2,미국 국채(2년물),%
20240208,2024-02-08,4.46,DGS2,미국 국채(2년물),%
20240209,2024-02-09,4.48,DGS2,미국 국채(2년물),%
20240212,2024-02-12,4.46,DGS2,미국 국채(2년물),%
20240213,2024-02-13,4.64,DGS2,미국 국채(2년물),%
20240214,2024-02-14,4.56,DGS2,미국 국채(2년물),%
20240215,2024-02-15,4.56,DGS2,미국 국채(2년물),%
20240216,2024-02-16,4.64,DGS2,미국 국채(2년물),%
20240220,2024-02-20,4.59,DGS2,미국 국채(2년물),%
20240221,2024-02-21,4.64,DGS2,미국 국채(2년물),%
20240222,2024-02-22,4.69,DGS2,미국 국채(2년물),%
20240223,2024-02-23,4.67,DGS2,미국 국채(2년물),%
20240226,2024-02-26,4.69,DGS2,미국 국채(2년물),%
20240227,2024-02-27,4.7,DGS2,미국 국채(2년물),%
20240228,2024-02-28,4.64,DGS2,미국 국채(2년물),%
20240229,2024-02-29,4.64,DGS2,미국 국채(2년물),%
20240301,2024-03-01,4.54,DGS2,미국 국채(2년물),%
20240304,2024-03-04,4.61,DGS2,미국 국채(2년물),%
20240305,2024-03-05,4.54,DGS2,미국 국채(2년물),%
20240306,2024-03-06,4.55,DGS2,미국 국채(2년물),%
20240307,2024-03-07,4.5,DGS2,미국 국채(2년물),%
20240308,2024-03-08,4.48,DGS2,미국 국채(2년물),%
20240311,2024-03-11,4.51,DGS2,미국 국채(2년물),%
20240312,2024-03-12,4.58,DGS2,미국 국채(2년물),%
20240313,2024-03-13,4.61,DGS2,미국 국채(2년물),%
20240314,2024-03-14,4.68,DGS2,미국 국채(2년물),%
20240315,2024-03-15,4.72,DGS2,미국 국채(2년물),%
20240318,2024-03-18,4.73,DGS2,미국 국채(2년물),%
20240319,2024-03-19,4.68,DGS2,미국 국채(2년물),%
20240320,2024-03-20,4.59,DGS2,미국 국채(2년물),%
20240321,2024-03-21,4.62,DGS2,미국 국채(2년물),%
20240322,2024-03-22,4.59,DGS2,미국 국채(2년물),%
20240325,2024-03-25,4.54,DGS2,미국 국채(2년물),%
20240326,2024-03-26,4.56,DGS2,미국 국채(2년물),%
20240327,2024-03-27,4.54,DGS2,미국 국채(2년물),%
20240328,2024-03-28,4.59,DGS2,미국 국채(2년물),%
20240401,2024-04-01,4.72,DGS2,미국 국채(2년물),%
20240402,2024-04-02,4.7,DGS2,미국 국채(2년물),%
20240403,2024-04-03,4.68,DGS2,미국 국채(2년물),%
20240404,2024-04-04,4.65,DGS2,미국 국채(2년물),%
20240405,2024-04-05,4.73,DGS2,미국 국채(2년물),%
20240408,2024-04-08,4.78,DGS2,미국 국채(2년물),%
20240409,2024-04-09,4.74,DGS2,미국 국채(2년물),%
20240410,2024-04-10,4.97,DGS2,미국 국채(2년물),%
20240411,2024-04-11,4.93,DGS2,미국 국채(2년물),%
20240412,2024-04-12,4.88,DGS2,미국 국채(2년물),%
20240415,2024-04-15,4.93,DGS2,미국 국채(2년물),%
20240416,2024-04-16,4.97,DGS2,미국 국채(2년물),%
20240417,2024-04-17,4.93,DGS2,미국 국채(2년물),%
20240418,2024-04-18,4.98,DGS2,미국 국채(2년물),%
20240419,2024-04-19,4.97,DGS2,미국 국채(2년물),%
20240422,2024-04-22,4.97,DGS2,미국 국채(2년물),%
20240423,2024-04-23,4.86,DGS2,미국 국채(2년물),%
20240424,2024-04-24,4.89,DGS2,미국 국채(2년물),%
20240425,2024-04-25,4.96,DGS2,미국 국채(2년물),%
20240426,2024-04-26,4.96,DGS2,미국 국채(2년물),%
20240429,2024-04-29,4.97,DGS2,미국 국채(2년물),%
20240430,2024-04-30,5.04,DGS2,미국 국채(2년물),%
20240501,2024-05-01,4.96,DGS2,미국 국채(2년물),%
20240502,2024-05-02,4.87,DGS2,미국 국채(2년물),%
20240503,2024-05-03,4.81,DGS2,미국 국채(2년물),%
20240506,2024-05-06,4.82,DGS2,미국 국채(2년물),%
20240507,2024-05-07,4.82,DGS2,미국 국채(2년물),%
20240508,2024-05-08,4.84,DGS2,미국 국채(2년물),%
20240509,2024-05-09,4.8,DGS2,미국 국채(2년물),%
20240510,2024-05-10,4.87,DGS2,미국 국채(2년물),%
20240513,2024-05-13,4.85,DGS2,미국 국채(2년물),%
20240514,2024-05-14,4.81,DGS2,미국 국채(2년물),%
20240515,2024-05-15,4.73,DGS2,미국 국채(2년물),%
20240516,2024-05-16,4.78,DGS2,미국 국채(2년물),%
20240517,2024-05-17,4.83,DGS2,미국 국채(2년물),%
20240520,2024-05-20,4.82,DGS2,미국 국채(2년물),%
20240521,2024-05-21,4.82,DGS2,미국 국채(2년물),%
20240522,2024-05-22,4.86,DGS2,미국 국채(2년물),%
20240523,2024-05-23,4.91,DGS2,미국 국채(2년물),%
20240524,2024-05-24,4.93,DGS2,미국 국채(2년물),%
20240528,2024-05-28,4.94,DGS2,미국 국채(2년물),%
20240529,2024-05-29,4.96,DGS2,미국 국채(2년물),%
20240530,2024-05-30,4.92,DGS2,미국 국채(2년물),%
20240531,2024-05-31,4.89,DGS2,미국 국채(2년물),%
20240603,2024-06-03,4.82,DGS2,미국 국채(2년물),%
20240604,2024-06-04,4.77,DGS2,미국 국채(2년물),%
20240605,2024-06-05,4.72,DGS2,미국 국채(2년물),%
20240606,2024-06-06,4.72,DGS2,미국 국채(2년물),%
20240607,2024-06-07,4.87,DGS2,미국 국채(2년물),%
20240610,2024-06-10,4.87,DGS2,미국 국채(2년물),%
20240611,2024-06-11,4.81,DGS2,미국 국채(2년물),%
20240612,2024-06-12,4.75,DGS2,미국 국채(2년물),%
20240613,2024-06-13,4.68,DGS2,미국 국채(2년물),%
20240614,2024-06-14,4.67,DGS2,미국 국채(2년물),%
20240617,2024-06-17,4.75,DGS2,미국 국채(2년물),%
20240618,2024-06-18,4.69,DGS2,미국 국채(2년물),%
20240620,2024-06-20,4.7,DGS2,미국 국채(2년물),%
20240621,2024-06-21,4.7,DGS2,미국 국채(2년물),%
20240624,2024-06-24,4.71,DGS2,미국 국채(2년물),%
20240625,2024-06-25,4.65,DGS2,미국 국채(2년물),%
20240626,2024-06-26,4.71,DGS2,미국 국채(2년물),%
20240627,2024-06-27,4.7,DGS2,미국 국채(2년물),%
20240628,2024-06-28,4.71,DGS2,미국 국채(2년물),%
20240701,2024-07-01,4.77,DGS2,미국 국채(2년물),%
20240702,2024-07-02,4.74,DGS2,미국 국채(2년물),%
20240703,2024-07-03,4.71,DGS2,미국 국채(2년물),%
20240705,2024-07-05,4.6,DGS2,미국 국채(2년물),%
20240708,2024-07-08,4.62,DGS2,미국 국채(2년물),%
20240709,2024-07-09,4.62,DGS2,미국 국채(2년물),%
20240710,2024-07-10,4.62,DGS2,미국 국채(2년물),%
20240711,2024-07-11,4.5,DGS2,미국 국채(2년물),%
20240712,2024-07-12,4.45,DGS2,미국 국채(2년물),%
20240715,2024-07-15,4.44,DGS2,미국 국채(2년물),%
20240716,2024-07-16,4.43,DGS2,미국 국채(2년물),%
20240717,2024-07-17,4.42,DGS2,미국 국채(2년물),%
20240718,2024-07-18,4.46,DGS2,미국 국채(2년물),%
20240719,2024-07-19,4.49,DGS2,미국 국채(2년물),%
20240722,2024-07-22,4.5,DGS2,미국 국채(2년물),%
20240723,2024-07-23,4.4,DGS2,미국 국채(2년물),%
20240724,2024-07-24,4.37,DGS2,미국 국채(2년물),%
20240725,2024-07-25,4.41,DGS2,미국 국채(2년물),%
20240726,2024-07-26,4.36,DGS2,미국 국채(2년물),%
20240729,2024-07-29,4.36,DGS2,미국 국채(2년물),%
20240730,2024-07-30,4.35,DGS2,미국 국채(2년물),%
20240731,2024-07-31,4.29,DGS2,미국 국채(2년물),%
20240801,2024-08-01,4.16,DGS2,미국 국채(2년물),%
20240802,2024-08-02,3.88,DGS2,미국 국채(2년물),%
20240805,2024-08-05,3.89,DGS2,미국 국채(2년물),%
20240806,2024-08-06,3.99,DGS2,미국 국채(2년물),%
20240807,2024-08-07,4.0,DGS2,미국 국채(2년물),%
20240808,2024-08-08,4.04,DGS2,미국 국채(2년물),%
20240809,2024-08-09,4.05,DGS2,미국 국채(2년물),%
20240812,2024-08-12,4.01,DGS2,미국 국채(2년물),%
20240813,2024-08-13,3.93,DGS2,미국 국채(2년물),%
20240814,2024-08-14,3.94,DGS2,미국 국채(2년물),%
20240815,2024-08-15,4.08,DGS2,미국 국채(2년물),%
20240816,2024-08-16,4.06,DGS2,미국 국채(2년물),%
20240819,2024-08-19,4.06,DGS2,미국 국채(2년물),%
20240820,2024-08-20,3.99,DGS2,미국 국채(2년물),%
20240821,2024-08-21,3.92,DGS2,미국 국채(2년물),%
20240822,2024-08-22,3.99,DGS2,미국 국채(2년물),%
20240823,2024-08-23,3.9,DGS2,미국 국채(2년물),%
20240826,2024-08-26,3.91,DGS2,미국 국채(2년물),%
20240827,2024-08-27,3.83,DGS2,미국 국채(2년물),%
20240828,2024-08-28,3.83,DGS2,미국 국채(2년물),%
20240829,2024-08-29,3.87,DGS2,미국 국채(2년물),%
20240830,2024-08-30,3.91,DGS2,미국 국채(2년물),%
20240903,2024-09-03,3.88,DGS2,미국 국채(2년물),%
20240904,2024-09-04,3.76,DGS2,미국 국채(2년물),%
20240905,2024-09-05,3.75,DGS2,미국 국채(2년물),%
20240906,2024-09-06,3.66,DGS2,미국 국채(2년물),%
20240909,2024-09-09,3.68,DGS2,미국 국채(2년물),%
20240910,2024-09-10,3.59,DGS2,미국 국채(2년물),%
20240911,2024-09-11,3.62,DGS2,미국 국채(2년물),%
20240912,2024-09-12,3.64,DGS2,미국 국채(2년물),%
20240913,2024-09-13,3.57,DGS2,미국 국채(2년물),%
20240916,2024-09-16,3.56,DGS2,미국 국채(2년물),%
20240917,2024-09-17,3.59,DGS2,미국 국채(2년물),%
20240918,2024-09-18,3.61,DGS2,미국 국채(2년물),%
20240919,2024-09-19,3.59,DGS2,미국 국채(2년물),%
20240920,2024-09-20,3.55,DGS2,미국 국채(2년물),%
20240923,2024-09-23,3.57,DGS2,미국 국채(2년물),%
20240924,2024-09-24,3.49,DGS2,미국 국채(2년물),%
20240925,2024-09-25,3.53,DGS2,미국 국채(2년물),%
20240926,2024-09-26,3.6,DGS2,미국 국채(2년물),%
20240927,2024-09-27,3.55,DGS2,미국 국채(2년물),%
20240930,2024-09-30,3.66,DGS2,미국 국채(2년물),%
20241001,2024-10-01,3.61,DGS2,미국 국채(2년물),%
20241002,2024-10-02,3.63,DGS2,미국 국채(2년물),%
20241003,2024-10-03,3.7,DGS2,미국 국채(2년물),%
20241004,2024-10-04,3.93,DGS2,미국 국채(2년물),%
20241007,2024-10-07,3.99,DGS2,미국 국채(2년물),%
20241008,2024-10-08,3.98,DGS2,미국 국채(2년물),%
20241009,2024-10-09,3.99,DGS2,미국 국채(2년물),%
20241010,2024-10-10,3.98,DGS2,미국 국채(2년물),%
20241011,2024-10-11,3.95,DGS2,미국 국채(2년물),%
20241015,2024-10-15,3.95,DGS2,미국 국채(2년물),%
20241016,2024-10-16,3.93,DGS2,미국 국채(2년물),%
20241017,2024-10-17,3.96,DGS2,미국 국채(2년물),%
20241018,2024-10-18,3.95,DGS2,미국 국채(2년물),%
20241021,2024-10-21,4.02,DGS2,미국 국채(2년물),%
20241022,2024-10-22,4.03,DGS2,미국 국채(2년물),%
20241023,2024-10-23,4.07,DGS2,미국 국채(2년물),%
20241024,2024-10-24,4.07,DGS2,미국 국채(2년물),%
20241025,2024-10-25,4.11,DGS2,미국 국채(2년물),%
20241028,2024-10-28,4.12,DGS2,미국 국채(2년물),%
20241029,2024-10-29,4.11,DGS2,미국 국채(2년물),%
20241030,2024-10-30,4.15,DGS2,미국 국채(2년물),%
20241031,2024-10-31,4.16,DGS2,미국 국채(2년물),%
20241101,2024-11-01,4.21,DGS2,미국 국채(2년물),%
20241104,2024-11-04,4.17,DGS2,미국 국채(2년물),%
20241105,2024-11-05,4.19,DGS2,미국 국채(2년물),%
20241106,2024-11-06,4.27,DGS2,미국 국채(2년물),%
20241107,2024-11-07,4.21,DGS2,미국 국채(2년물),%
20241108,2024-11-08,4.26,DGS2,미국 국채(2년물),%
20241112,2024-11-12,4.34,DGS2,미국 국채(2년물),%
20241113,2024-11-13,4.27,DGS2,미국 국채(2년물),%
20241114,2024-11-14,4.34,DGS2,미국 국채(2년물),%
20241115,2024-11-15,4.31,DGS2,미국 국채(2년물),%
20241118,2024-11-18,4.29,DGS2,미국 국채(2년물),%
20241119,2024-11-19,4.27,DGS2,미국 국채(2년물),%
20241120,2024-11-20,4.31,DGS2,미국 국채(2년물),%
20241121,2024-11-21,4.34,DGS2,미국 국채(2년물),%
20241122,2024-11-22,4.37,DGS2,미국 국채(2년물),%
20241125,2024-11-25,4.21,DGS2,미국 국채(2년물),%
20241126,2024-11-26,4.21,DGS2,미국 국채(2년물),%
20241127,2024-11-27,4.19,DGS2,미국 국채(2년물),%
20241129,2024-11-29,4.13,DGS2,미국 국채(2년물),%
20241202,2024-12-02,4.17,DGS2,미국 국채(2년물),%
20241203,2024-12-03,4.17,DGS2,미국 국채(2년물),%
20241204,2024-12-04,4.13,DGS2,미국 국채(2년물),%
20241205,2024-12-05,4.15,DGS2,미국 국채(2년물),%
20241206,2024-12-06,4.1,DGS2,미국 국채(2년물),%
20241209,2024-12-09,4.13,DGS2,미국 국채(2년물),%
20241210,2024-12-10,4.15,DGS2,미국 국채(2년물),%
20241211,2024-12-11,4.15,DGS2,미국 국채(2년물),%
20241212,2024-12-12,4.18,DGS2,미국 국채(2년물),%
20241213,2024-12-13,4.25,DGS2,미국 국채(2년물),%
20241216,2024-12-16,4.25,DGS2,미국 국채(2년물),%
20241217,2024-12-17,4.25,DGS2,미국 국채(2년물),%
20241218,2024-12-18,4.35,DGS2,미국 국채(2년물),%
20241219,2024-12-19,4.32,DGS2,미국 국채(2년물),%
20241220,2024-12-20,4.3,DGS2,미국 국채(2년물),%
20241223,2024-12-23,4.3,DGS2,미국 국채(2년물),%
20241224,2024-12-24,4.29,DGS2,미국 국채(2년물),%
20241226,2024-12-26,4.3,DGS2,미국 국채(2년물),%
20241227,2024-12-27,4.31,DGS2,미국 국채(2년물),%
20241230,2024-12-30,4.24,DGS2,미국 국채(2년물),%
20241231,2024-12-31,4.25,DGS2,미국 국채(2년물),%
20250102,2025-01-02,4.25,DGS2,미국 국채(2년물),%
20250103,2025-01-03,4.28,DGS2,미국 국채(2년물),%
20250106,2025-01-06,4.28,DGS2,미국 국채(2년물),%
20250107,2025-01-07,4.3,DGS2,미국 국채(2년물),%
20250108,2025-01-08,4.28,DGS2,미국 국채(2년물),%
20250109,2025-01-09,4.27,DGS2,미국 국채(2년물),%
20250110,2025-01-10,4.4,DGS2,미국 국채(2년물),%
20250113,2025-01-13,4.4,DGS2,미국 국채(2년물),%
20250114,2025-01-14,4.37,DGS2,미국 국채(2년물),%
20250115,2025-01-15,4.27,DGS2,미국 국채(2년물),%
20250116,2025-01-16,4.23,DGS2,미국 국채(2년물),%
20250117,2025-01-17,4.27,DGS2,미국 국채(2년물),%
20250121,2025-01-21,4.29,DGS2,미국 국채(2년물),%
20250122,2025-01-22,4.29,DGS2,미국 국채(2년물),%
20250123,2025-01-23,4.29,DGS2,미국 국채(2년물),%
20250124,2025-01-24,4.27,DGS2,미국 국채(2년물),%
20250127,2025-01-27,4.17,DGS2,미국 국채(2년물),%
20250128,2025-01-28,4.19,DGS2,미국 국채(2년물),%
20250129,2025-01-29,4.21,DGS2,미국 국채(2년물),%
20250130,2025-01-30,4.18,DGS2,미국 국채(2년물),%
20250131,2025-01-31,4.22,DGS2,미국 국채(2년물),%
20250203,2025-02-03,4.26,DGS2,미국 국채(2년물),%
20250204,2025-02-04,4.21,DGS2,미국 국채(2년물),%
20250205,2025-02-05,4.17,DGS2,미국 국채(2년물),%
20250206,2025-02-06,4.21,DGS2,미국 국채(2년물),%
20250207,2025-02-07,4.29,DGS2,미국 국채(2년물),%
20250210,2025-02-10,4.28,DGS2,미국 국채(2년물),%
20250211,2025-02-11,4.29,DGS2,미국 국채(2년물),%
20250212,2025-02-12,4.36,DGS2,미국 국채(2년물),%
20250213,2025-02-13,4.31,DGS2,미국 국채(2년물),%
20250214,2025-02-14,4.26,DGS2,미국 국채(2년물),%
20250218,2025-02-18,4.29,DGS2,미국 국채(2년물),%
20250219,2025-02-19,4.28,DGS2,미국 국채(2년물),%
20250220,2025-02-20,4.28,DGS2,미국 국채(2년물),%
20250221,2025-02-21,4.19,DGS2,미국 국채(2년물),%
20250224,2025-02-24,4.13,DGS2,미국 국채(2년물),%
20250225,2025-02-25,4.07,DGS2,미국 국채(2년물),%
20250226,2025-02-26,4.05,DGS2,미국 국채(2년물),%
20250227,2025-02-27,4.07,DGS2,미국 국채(2년물),%
20250228,2025-02-28,3.99,DGS2,미국 국채(2년물),%
20250303,2025-03-03,3.96,DGS2,미국 국채(2년물),%
20250304,2025-03-04,3.96,DGS2,미국 국채(2년물),%
20250305,2025-03-05,3.99,DGS2,미국 국채(2년물),%
20250306,2025-03-06,3.96,DGS2,미국 국채(2년물),%
20250307,2025-03-07,3.99,DGS2,미국 국채(2년물),%
20250310,2025-03-10,3.89,DGS2,미국 국채(2년물),%
20250311,2025-03-11,3.94,DGS2,미국 국채(2년물),%
20250312,2025-03-12,4.01,DGS2,미국 국채(2년물),%
20250313,2025-03-13,3.94,DGS2,미국 국채(2년물),%
20250314,2025-03-14,4.02,DGS2,미국 국채(2년물),%
20250317,2025-03-17,4.06,DGS2,미국 국채(2년물),%
20250318,2025-03-18,4.04,DGS2,미국 국채(2년물),%
20250319,2025-03-19,3.99,DGS2,미국 국채(2년물),%
20250320,2025-03-20,3.95,DGS2,미국 국채(2년물),%
20250321,2025-03-21,3.94,DGS2,미국 국채(2년물),%
20250324,2025-03-24,4.04,DGS2,미국 국채(2년물),%
20250325,2025-03-25,3.96,DGS2,미국 국채(2년물),%
20250326,2025-03-26,3.98,DGS2,미국 국채(2년물),%
20250327,2025-03-27,3.97,DGS2,미국 국채(2년물),%
20250328,2025-03-28,3.89,DGS2,미국 국채(2년물),%
20250331,2025-03-31,3.89,DGS2,미국 국채(2년물),%
20250401,2025-04-01,3.87,DGS2,미국 국채(2년물),%
20250402,2025-04-02,3.91,DGS2,미국 국채(2년물),%
20250403,2025-04-03,3.71,DGS2,미국 국채(2년물),%
20250404,2025-04-04,3.68,DGS2,미국 국채(2년물),%
20250407,2025-04-07,3.73,DGS2,미국 국채(2년물),%
20250408,2025-04-08,3.71,DGS2,미국 국채(2년물),%
20250409,2025-04-09,3.91,DGS2,미국 국채(2년물),%
20250410,2025-04-10,3.84,DGS2,미국 국채(2년물),%
20250411,2025-04-11,3.96,DGS2,미국 국채(2년물),%
20250414,2025-04-14,3.84,DGS2,미국 국채(2년물),%
20250415,2025-04-15,3.84,DGS2,미국 국채(2년물),%
20250416,2025-04-16,3.77,DGS2,미국 국채(2년물),%
20250417,2025-04-17,3.81,DGS2,미국 국채(2년물),%
20250421,2025-04-21,3.75,DGS2,미국 국채(2년물),%
20250422,2025-04-22,3.76,DGS2,미국 국채(2년물),%
20250423,2025-04-23,3.81,DGS2,미국 국채(2년물),%
20250424,2025-04-24,3.77,DGS2,미국 국채(2년물),%
20250425,2025-04-25,3.74,DGS2,미국 국채(2년물),%
20250428,2025-04-28,3.67,DGS2,미국 국채(2년물),%
20250429,2025-04-29,3.65,DGS2,미국 국채(2년물),%
20250430,2025-04-30,3.6,DGS2,미국 국채(2년물),%
20250501,2025-05-01,3.7,DGS2,미국 국채(2년물),%
20250502,2025-05-02,3.83,DGS2,미국 국채(2년물),%
20250505,2025-05-05,3.83,DGS2,미국 국채(2년물),%
20250506,2025-05-06,3.78,DGS2,미국 국채(2년물),%
20250507,2025-05-07,3.78,DGS2,미국 국채(2년물),%
20250508,2025-05-08,3.9,DGS2,미국 국채(2년물),%
20250509,2025-05-09,3.88,DGS2,미국 국채(2년물),%
20250512,2025-05-12,3.98,DGS2,미국 국채(2년물),%
20250513,2025-05-13,4.02,DGS2,미국 국채(2년물),%
20250514,2025-05-14,4.05,DGS2,미국 국채(2년물),%
20250515,2025-05-15,3.96,DGS2,미국 국채(2년물),%
20250516,2025-05-16,3.98,DGS2,미국 국채(2년물),%
20250519,2025-05-19,3.97,DGS2,미국 국채(2년물),%
20250520,2025-05-20,3.97,DGS2,미국 국채(2년물),%
20250521,2025-05-21,4.0,DGS2,미국 국채(2년물),%
20250522,2025-05-22,4.0,DGS2,미국 국채(2년물),%
20250523,2025-05-23,4.0,DGS2,미국 국채(2년물),%
20250527,2025-05-27,3.92,DGS2,미국 국채(2년물),%
20250528,2025-05-28,3.96,DGS2,미국 국채(2년물),%
20250529,2025-05-29,3.92,DGS2,미국 국채(2년물),%
20250530,2025-05-30,3.89,DGS2,미국 국채(2년물),%
20250602,2025-06-02,3.94,DGS2,미국 국채(2년물),%
20250603,2025-06-03,3.96,DGS2,미국 국채(2년물),%
20250604,2025-06-04,3.87,DGS2,미국 국채(2년물),%
20250605,2025-06-05,3.92,DGS2,미국 국채(2년물),%
20250606,2025-06-06,4.04,DGS2,미국 국채(2년물),%
20250609,2025-06-09,4.01,DGS2,미국 국채(2년물),%
20250610,2025-06-10,4.01,DGS2,미국 국채(2년물),%
20250611,2025-06-11,3.94,DGS2,미국 국채(2년물),%
20250612,2025-06-12,3.9,DGS2,미국 국채(2년물),%
20250613,2025-06-13,3.96,DGS2,미국 국채(2년물),%
20250616,2025-06-16,3.97,DGS2,미국 국채(2년물),%
20250617,2025-06-17,3.94,DGS2,미국 국채(2년물),%
20250618,2025-06-18,3.94,DGS2,미국 국채(2년물),%
20250620,2025-06-20,3.9,DGS2,미국 국채(2년물),%
20250623,2025-06-23,3.84,DGS2,미국 국채(2년물),%
20250624,2025-06-24,3.75,DGS2,미국 국채(2년물),%
20250625,2025-06-25,3.74,DGS2,미국 국채(2년물),%
20250626,2025-06-26,3.7,DGS2,미국 국채(2년물),%
20250627,2025-06-27,3.73,DGS2,미국 국채(2년물),%
20250630,2025-06-30,3.72,DGS2,미국 국채(2년물),%
20250701,2025-07-01,3.78,DGS2,미국 국채(2년물),%
20250702,2025-07-02,3.78,DGS2,미국 국채(2년물),%
20250703,2025-07-03,3.88,DGS2,미국 국채(2년물),%
20250707,2025-07-07,3.9,DGS2,미국 국채(2년물),%
20250708,2025-07-08,3.9,DGS2,미국 국채(2년물),%
20250709,2025-07-09,3.86,DGS2,미국 국채(2년물),%
20250710,2025-07-10,3.86,DGS2,미국 국채(2년물),%
20250711,2025-07-11,3.9,DGS2,미국 국채(2년물),%
20250714,2025-07-14,3.9,DGS2,미국 국채(2년물),%
20250715,2025-07-15,3.95,DGS2,미국 국채(2년물),%
20250716,2025-07-16,3.88,DGS2,미국 국채(2년물),%
20250717,2025-07-17,3.91,DGS2,미국 국채(2년물),%
20250718,2025-07-18,3.88,DGS2,미국 국채(2년물),%
20250721,2025-07-21,3.85,DGS2,미국 국채(2년물),%
20250722,2025-07-22,3.83,DGS2,미국 국채(2년물),%
20250723,2025-07-23,3.88,DGS2,미국 국채(2년물),%
20250724,2025-07-24,3.91,DGS2,미국 국채(2년물),%
20250725,2025-07-25,3.91,DGS2,미국 국채(2년물),%
20250728,2025-07-28,3.91,DGS2,미국 국채(2년물),%
20250729,2025-07-29,3.86,DGS2,미국 국채(2년물),%
20250730,2025-07-30,3.94,DGS2,미국 국채(2년물),%
20250731,2025-07-31,3.94,DGS2,미국 국채(2년물),%
20250801,2025-08-01,3.69,DGS2,미국 국채(2년물),%
20250804,2025-08-04,3.69,DGS2,미국 국채(2년물),%
20250805,2025-08-05,3.72,DGS2,미국 국채(2년물),%
20250806,2025-08-06,3.69,DGS2,미국 국채(2년물),%
20250807,2025-08-07,3.72,DGS2,미국 국채(2년물),%
20250808,2025-08-08,3.76,DGS2,미국 국채(2년물),%
20250811,2025-08-11,3.76,DGS2,미국 국채(2년물),%
20250812,2025-08-12,3.72,DGS2,미국 국채(2년물),%
20250813,2025-08-13,3.67,DGS2,미국 국채(2년물),%
20250814,2025-08-14,3.74,DGS2,미국 국채(2년물),%
20250815,2025-08-15,3.75,DGS2,미국 국채(2년물),%
20250818,2025-08-18,3.77,DGS2,미국 국채(2년물),%
20250819,2025-08-19,3.75,DGS2,미국 국채(2년물),%
20250820,2025-08-20,3.74,DGS2,미국 국채(2년물),%
20250821,2025-08-21,3.79,DGS2,미국 국채(2년물),%
20250822,2025-08-22,3.68,DGS2,미국 국채(2년물),%
20250825,2025-08-25,3.73,DGS2,미국 국채(2년물),%
20250826,2025-08-26,3.61,DGS2,미국 국채(2년물),%
20250827,2025-08-27,3.59,DGS2,미국 국채(2년물),%
20250828,2025-08-28,3.62,DGS2,미국 국채(2년물),%
20250829,2025-08-29,3.59,DGS2,미국 국채(2년물),%
20250902,2025-09-02,3.66,DGS2,미국 국채(2년물),%
20250903,2025-09-03,3.61,DGS2,미국 국채(2년물),%
20250904,2025-09-04,3.59,DGS2,미국 국채(2년물),%
20250905,2025-09-05,3.51,DGS2,미국 국채(2년물),%
20250908,2025-09-08,3.49,DGS2,미국 국채(2년물),%
20250909,2025-09-09,3.54,DGS2,미국 국채(2년물),%
20250910,2025-09-10,3.54,DGS2,미국 국채(2년물),%
20250911,2025-09-11,3.52,DGS2,미국 국채(2년물),%
20250912,2025-09-12,3.56,DGS2,미국 국채(2년물),%
20250915,2025-09-15,3.54,DGS2,미국 국채(2년물),%
20250916,2025-09-16,3.51,DGS2,미국 국채(2년물),%
20250917,2025-09-17,3.52,DGS2,미국 국채(2년물),%
20250918,2025-09-18,3.57,DGS2,미국 국채(2년물),%
20250919,2025-09-19,3.57,DGS2,미국 국채(2년물),%
20250922,2025-09-22,3.61,DGS2,미국 국채(2년물),%
20250923,2025-09-23,3.53,DGS2,미국 국채(2년물),%
20250924,2025-09-24,3.57,DGS2,미국 국채(2년물),%
20250925,2025-09-25,3.64,DGS2,미국 국채(2년물),%
20250926,2025-09-26,3.63,DGS2,미국 국채(2년물),%
20250929,2025-09-29,3.63,DGS2,미국 국채(2년물),%
20250930,2025-09-30,3.6,DGS2,미국 국채(2년물),%
20251001,2025-10-01,3.55,DGS2,미국 국채(2년물),%
20251002,2025-10-02,3.55,DGS2,미국 국채(2년물),%
20251003,2025-10-03,3.58,DGS2,미국 국채(2년물),%
20251006,2025-10-06,3.6,DGS2,미국 국채(2년물),%
20251007,2025-10-07,3.57,DGS2,미국 국채(2년물),%
20251008,2025-10-08,3.58,DGS2,미국 국채(2년물),%
20251009,2025-10-09,3.6,DGS2,미국 국채(2년물),%
20251010,2025-10-10,3.52,DGS2,미국 국채(2년물),%
20251014,2025-10-14,3.48,DGS2,미국 국채(2년물),%
20251015,2025-10-15,3.5,DGS2,미국 국채(2년물),%
20251016,2025-10-16,3.41,DGS2,미국 국채(2년물),%
20251017,2025-10-17,3.46,DGS2,미국 국채(2년물),%
20251020,2025-10-20,3.46,DGS2,미국 국채(2년물),%
20251021,2025-10-21,3.45,DGS2,미국 국채(2년물),%
20251022,2025-10-22,3.45,DGS2,미국 국채(2년물),%
20251023,2025-10-23,3.48,DGS2,미국 국채(2년물),%
20251024,2025-10-24,3.48,DGS2,미국 국채(2년물),%
20251027,2025-10-27,3.48,DGS2,미국 국채(2년물),%
20251028,2025-10-28,3.47,DGS2,미국 국채(2년물),%
20251029,2025-10-29,3.59,DGS2,미국 국채(2년물),%
20251030,2025-10-30,3.61,DGS2,미국 국채(2년물),%
20251031,2025-10-31,3.6,DGS2,미국 국채(2년물),%
20251103,2025-11-03,3.6,DGS2,미국 국채(2년물),%
20251104,2025-11-04,3.58,DGS2,미국 국채(2년물),%
20251105,2025-11-05,3.63,DGS2,미국 국채(2년물),%
20251106,2025-11-06,3.57,DGS2,미국 국채(2년물),%
20251107,2025-11-07,3.55,DGS2,미국 국채(2년물),%
20251110,2025-11-10,3.58,DGS2,미국 국채(2년물),%
20251112,2025-11-12,3.56,DGS2,미국 국채(2년물),%
20251113,2025-11-13,3.58,DGS2,미국 국채(2년물),%
20251114,2025-11-14,3.62,DGS2,미국 국채(2년물),%
20251117,2025-11-17,3.6,DGS2,미국 국채(2년물),%
20251118,2025-11-18,3.58,DGS2,미국 국채(2년물),%
20251119,2025-11-19,3.58,DGS2,미국 국채(2년물),%
20251120,2025-11-20,3.55,DGS2,미국 국채(2년물),%
20251121,2025-11-21,3.51,DGS2,미국 국채(2년물),%
20251124,2025-11-24,3.46,DGS2,미국 국채(2년물),%
20251125,2025-11-25,3.43,DGS2,미국 국채(2년물),%
20251126,2025-11-26,3.45,DGS2,미국 국채(2년물),%
20251128,2025-11-28,3.47,DGS2,미국 국채(2년물),%
20251201,2025-12-01,3.54,DGS2,미국 국채(2년물),%
20251202,2025-12-02,3.51,DGS2,미국 국채(2년물),%
20251203,2025-12-03,3.49,DGS2,미국 국채(2년물),%
20251204,2025-12-04,3.52,DGS2,미국 국채(2년물),%
20251205,2025-12-05,3.56,DGS2,미국 국채(2년물),%
20251208,2025-12-08,3.57,DGS2,미국 국채(2년물),%
20251209,2025-12-09,3.61,DGS2,미국 국채(2년물),%
20251210,2025-12-10,3.54,DGS2,미국 국채(2년물),%
20251211,2025-12-11,3.52,DGS2,미국 국채(2년물),%
20251212,2025-12-12,3.52,DGS2,미국 국채(2년물),%
20251215,2025-12-15,3.51,DGS2,미국 국채(2년물),%
20251216,2025-12-16,3.48,DGS2,미국 국채(2년물),%
20251217,2025-12-17,3.49,DGS2,미국 국채(2년물),%
20251218,2025-12-18,3.46,DGS2,미국 국채(2년물),%
20251219,2025-12-19,3.48,DGS2,미국 국채(2년물),%
20251222,2025-12-22,3.44,DGS2,미국 국채(2년물),%
20251223,2025-12-23,3.48,DGS2,미국 국채(2년물),%
20251224,2025-12-24,3.47,DGS2,미국 국채(2년물),%
20251226,2025-12-26,3.46,DGS2,미국 국채(2년물),%
20251229,2025-12-29,3.45,DGS2,미국 국채(2년물),%
20251230,2025-12-30,3.45,DGS2,미국 국채(2년물),%
20251231,2025-12-31,3.47,DGS2,미국 국채(2년물),%
20260102,2026-01-02,3.47,DGS2,미국 국채(2년물),%
20260105,2026-01-05,3.46,DGS2,미국 국채(2년물),%
20260106,2026-01-06,3.47,DGS2,미국 국채(2년물),%
20260107,2026-01-07,3.47,DGS2,미국 국채(2년물),%
20260108,2026-01-08,3.49,DGS2,미국 국채(2년물),%
20260109,2026-01-09,3.54,DGS2,미국 국채(2년물),%
20260112,2026-01-12,3.54,DGS2,미국 국채(2년물),%
20260113,2026-01-13,3.53,DGS2,미국 국채(2년물),%
20260114,2026-01-14,3.51,DGS2,미국 국채(2년물),%
20260115,2026-01-15,3.56,DGS2,미국 국채(2년물),%
20260116,2026-01-16,3.59,DGS2,미국 국채(2년물),%
20260120,2026-01-20,3.6,DGS2,미국 국채(2년물),%
20260121,2026-01-21,3.6,DGS2,미국 국채(2년물),%
20260122,2026-01-22,3.61,DGS2,미국 국채(2년물),%
20260123,2026-01-23,3.6,DGS2,미국 국채(2년물),%
20260126,2026-01-26,3.56,DGS2,미국 국채(2년물),%
20260127,2026-01-27,3.53,DGS2,미국 국채(2년물),%
20260128,2026-01-28,3.56,DGS2,미국 국채(2년물),%
20260129,2026-01-29,3.53,DGS2,미국 국채(2년물),%
20260130,2026-01-30,3.52,DGS2,미국 국채(2년물),%
20260202,2026-02-02,3.57,DGS2,미국 국채(2년물),%
20260203,2026-02-03,3.57,DGS2,미국 국채(2년물),%
20260204,2026-02-04,3.57,DGS2,미국 국채(2년물),%
20260205,2026-02-05,3.47,DGS2,미국 국채(2년물),%
20260206,2026-02-06,3.5,DGS2,미국 국채(2년물),%
20260209,2026-02-09,3.48,DGS2,미국 국채(2년물),%
20260210,2026-02-10,3.45,DGS2,미국 국채(2년물),%
20260211,2026-02-11,3.52,DGS2,미국 국채(2년물),%
20260212,2026-02-12,3.47,DGS2,미국 국채(2년물),%
20260213,2026-02-13,3.4,DGS2,미국 국채(2년물),%
20260217,2026-02-17,3.43,DGS2,미국 국채(2년물),%
20260218,2026-02-18,3.47,DGS2,미국 국채(2년물),%
20260219,2026-02-19,3.47,DGS2,미국 국채(2년물),%
20260220,2026-02-20,3.48,DGS2,미국 국채(2년물),%
20260223,2026-02-23,3.43,DGS2,미국 국채(2년물),%
20260224,2026-02-24,3.43,DGS2,미국 국채(2년물),%
20260225,2026-02-25,3.45,DGS2,미국 국채(2년물),%
20260226,2026-02-26,3.42,DGS2,미국 국채(2년물),%
20260227,2026-02-27,3.38,DGS2,미국 국채(2년물),%
20260302,2026-03-02,3.47,DGS2,미국 국채(2년물),%
20260303,2026-03-03,3.51,DGS2,미국 국채(2년물),%
20260304,2026-03-04,3.54,DGS2,미국 국채(2년물),%
20260305,2026-03-05,3.57,DGS2,미국 국채(2년물),%
20260306,2026-03-06,3.56,DGS2,미국 국채(2년물),%
20260309,2026-03-09,3.56,DGS2,미국 국채(2년물),%
20260310,2026-03-10,3.57,DGS2,미국 국채(2년물),%
20260311,2026-03-11,3.64,DGS2,미국 국채(2년물),%
20260312,2026-03-12,3.76,DGS2,미국 국채(2년물),%
20260313,2026-03-13,3.73,DGS2,미국 국채(2년물),%
20260316,2026-03-16,3.68,DGS2,미국 국채(2년물),%
20260317,2026-03-17,3.68,DGS2,미국 국채(2년물),%
20260318,2026-03-18,3.76,DGS2,미국 국채(2년물),%
20260319,2026-03-19,3.79,DGS2,미국 국채(2년물),%
20260320,2026-03-20,3.88,DGS2,미국 국채(2년물),%
20260323,2026-03-23,3.83,DGS2,미국 국채(2년물),%
20260324,2026-03-24,3.9,DGS2,미국 국채(2년물),%
20260325,2026-03-25,3.84,DGS2,미국 국채(2년물),%
20260326,2026-03-26,3.96,DGS2,미국 국채(2년물),%
20260327,2026-03-27,3.88,DGS2,미국 국채(2년물),%
20260330,2026-03-30,3.82,DGS2,미국 국채(2년물),%
20260331,2026-03-31,3.79,DGS2,미국 국채(2년물),%
20260401,2026-04-01,3.81,DGS2,미국 국채(2년물),%
20260402,2026-04-02,3.79,DGS2,미국 국채(2년물),%
20260403,2026-04-03,3.84,DGS2,미국 국채(2년물),%
20260406,2026-04-06,3.84,DGS2,미국 국채(2년물),%
20260407,2026-04-07,3.81,DGS2,미국 국채(2년물),%
20260408,2026-04-08,3.79,DGS2,미국 국채(2년물),%
20260409,2026-04-09,3.78,DGS2,미국 국채(2년물),%
20260410,2026-04-10,3.81,DGS2,미국 국채(2년물),%
20260413,2026-04-13,3.78,DGS2,미국 국채(2년물),%
20260414,2026-04-14,3.76,DGS2,미국 국채(2년물),%
20260415,2026-04-15,3.76,DGS2,미국 국채(2년물),%
20260416,2026-04-16,3.78,DGS2,미국 국채(2년물),%
20260417,2026-04-17,3.71,DGS2,미국 국채(2년물),%
20260420,2026-04-20,3.72,DGS2,미국 국채(2년물),%
20260421,2026-04-21,3.78,DGS2,미국 국채(2년물),%
20260422,2026-04-22,3.79,DGS2,미국 국채(2년물),%
20260423,2026-04-23,3.83,DGS2,미국 국채(2년물),%
20260424,2026-04-24,3.78,DGS2,미국 국채(2년물),%
20260427,2026-04-27,3.78,DGS2,미국 국채(2년물),%
20260428,2026-04-28,3.84,DGS2,미국 국채(2년물),%
20260429,2026-04-29,3.92,DGS2,미국 국채(2년물),%
20260430,2026-04-30,3.88,DGS2,미국 국채(2년물),%
20260501,2026-05-01,3.88,DGS2,미국 국채(2년물),%
20260504,2026-05-04,3.95,DGS2,미국 국채(2년물),%
20260505,2026-05-05,3.93,DGS2,미국 국채(2년물),%
20260506,2026-05-06,3.87,DGS2,미국 국채(2년물),%
20260507,2026-05-07,3.92,DGS2,미국 국채(2년물),%
20260508,2026-05-08,3.9,DGS2,미국 국채(2년물),%
20260511,2026-05-11,3.95,DGS2,미국 국채(2년물),%
20260512,2026-05-12,4.0,DGS2,미국 국채(2년물),%
20260513,2026-05-13,3.98,DGS2,미국 국채(2년물),%
20260514,2026-05-14,4.0,DGS2,미국 국채(2년물),%
20260515,2026-05-15,4.09,DGS2,미국 국채(2년물),%
20260518,2026-05-18,4.07,DGS2,미국 국채(2년물),%
20260519,2026-05-19,4.13,DGS2,미국 국채(2년물),%
20260520,2026-05-20,4.04,DGS2,미국 국채(2년물),%
20260521,2026-05-21,4.08,DGS2,미국 국채(2년물),%
20260522,2026-05-22,4.13,DGS2,미국 국채(2년물),%
20260526,2026-05-26,4.01,DGS2,미국 국채(2년물),%
20260527,2026-05-27,4.0,DGS2,미국 국채(2년물),%
20260528,2026-05-28,3.99,DGS2,미국 국채(2년물),%
20260529,2026-05-29,3.98,DGS2,미국 국채(2년물),%
20260601,2026-06-01,4.05,DGS2,미국 국채(2년물),%
20260602,2026-06-02,4.05,DGS2,미국 국채(2년물),%
20260603,2026-06-03,4.08,DGS2,미국 국채(2년물),%
20260604,2026-06-04,4.05,DGS2,미국 국채(2년물),%
20260605,2026-06-05,4.17,DGS2,미국 국채(2년물),%
20260608,2026-06-08,4.15,DGS2,미국 국채(2년물),%
20260609,2026-06-09,4.13,DGS2,미국 국채(2년물),%
20260610,2026-06-10,4.13,DGS2,미국 국채(2년물),%
20260611,2026-06-11,4.05,DGS2,미국 국채(2년물),%
20260612,2026-06-12,4.09,DGS2,미국 국채(2년물),%
20260615,2026-06-15,4.07,DGS2,미국 국채(2년물),%
20260616,2026-06-16,4.05,DGS2,미국 국채(2년물),%
20260617,2026-06-17,4.2,DGS2,미국 국채(2년물),%
20260618,2026-06-18,4.19,DGS2,미국 국채(2년물),%
20260622,2026-06-22,4.24,DGS2,미국 국채(2년물),%
20260623,2026-06-23,4.16,DGS2,미국 국채(2년물),%
20260624,2026-06-24,4.11,DGS2,미국 국채(2년물),%
20260625,2026-06-25,4.09,DGS2,미국 국채(2년물),%
20260626,2026-06-26,4.07,DGS2,미국 국채(2년물),%
20260629,2026-06-29,4.1,DGS2,미국 국채(2년물),%
20260630,2026-06-30,4.14,DGS2,미국 국채(2년물),%
20260701,2026-07-01,4.17,DGS2,미국 국채(2년물),%
20260702,2026-07-02,4.14,DGS2,미국 국채(2년물),%
20260706,2026-07-06,4.13,DGS2,미국 국채(2년물),%
20260707,2026-07-07,4.19,DGS2,미국 국채(2년물),%
20260708,2026-07-08,4.21,DGS2,미국 국채(2년물),%
20260709,2026-07-09,4.16,DGS2,미국 국채(2년물),%
20260710,2026-07-10,4.21,DGS2,미국 국채(2년물),%
20260713,2026-07-13,4.26,DGS2,미국 국채(2년물),%
20260714,2026-07-14,4.18,DGS2,미국 국채(2년물),%
20260715,2026-07-15,4.13,DGS2,미국 국채(2년물),%
20260716,2026-07-16,4.16,DGS2,미국 국채(2년물),%
20260717,2026-07-17,4.18,DGS2,미국 국채(2년물),%
20260720,2026-07-20,4.21,DGS2,미국 국채(2년물),%
20260721,2026-07-21,4.26,DGS2,미국 국채(2년물),%
20260722,2026-07-22,4.31,DGS2,미국 국채(2년물),%
20260723,2026-07-23,4.37,DGS2,미국 국채(2년물),%
20260724,2026-07-24,4.33,DGS2,미국 국채(2년물),%
20260727,2026-07-27,4.31,DGS2,미국 국채(2년물),%
20260728,2026-07-28,4.26,DGS2,미국 국채(2년물),%
20260729,2026-07-29,4.22,DGS2,미국 국채(2년물),%
20260730,2026-07-30,4.23,DGS2,미국 국채(2년물),%
20260731,2026-07-31,4.28,DGS2,미국 국채(2년물),%
20260803,2026-08-03,4.25,DGS2,미국 국채(2년물),%
20260804,2026-08-04,4.2,DGS2,미국 국채(2년물),%
20260805,2026-08-05,4.18,DGS2,미국 국채(2년물),%
20260806,2026-08-06,4.25,DGS2,미국 국채(2년물),%
20260807,2026-08-07,4.19,DGS2,미국 국채(2년물),%
20260810,2026-08-10,4.25,DGS2,미국 국채(2년물),%
20260811,2026-08-11,4.22,DGS2,미국 국채(2년물),%
20260812,2026-08-12,4.2,DGS2,미국 국채(2년물),%
20260813,2026-08-13,4.15,DGS2,미국 국채(2년물),%
20260814,2026-08-14,4.17,DGS2,미국 국채(2년물),%
20260817,2026-08-17,4.19,DGS2,미국 국채(2년물),%
20260818,2026-08-18,4.19,DGS2,미국 국채(2년물),%
20260819,2026-08-19,4.19,DGS2,미국 국채(2년물),%
20260820,2026-08-20,4.19,DGS2,미국 국채(2년물),%
20260821,2026-08-21,4.24,DGS2,미국 국채(2년물),%
20260824,2026-08-24,4.24,DGS2,미국 국채(2년물),%
20260825,2026-08-25,4.17,DGS2,미국 국채(2년물),%
20260826,2026-08-26,4.19,DGS2,미국 국채(2년물),%
20260827,2026-08-27,4.2,DGS2,미국 국채(2년물),%
20260828,2026-08-28,4.34,DGS2,미국 국채(2년물),%
20260831,2026-08-31,4.34,DGS2,미국 국채(2년물),%
20260901,2026-09-01,4.39,DGS2,미국 국채(2년물),%
20260902,2026-09-02,4.39,DGS2,미국 국채(2년물),%
