DATE,US_10Y,US_2Y,SPREAD,SPREAD_BP,is_inverted
2021-09-07,1.38,0.22,1.16,116.0,False
2021-09-08,1.35,0.22,1.13,113.0,False
2021-09-09,1.3,0.23,1.07,107.0,False
2021-09-10,1.35,0.23,1.12,112.0,False
2021-09-13,1.33,0.21,1.12,112.0,False
2021-09-14,1.28,0.21,1.07,107.0,False
2021-09-15,1.31,0.21,1.1,110.0,False
2021-09-16,1.34,0.23,1.11,111.0,False
2021-09-17,1.37,0.23,1.14,114.0,False
2021-09-20,1.31,0.23,1.08,108.0,False
2021-09-21,1.33,0.22,1.11,111.0,False
2021-09-22,1.32,0.25,1.07,107.0,False
2021-09-23,1.41,0.27,1.14,114.0,False
2021-09-24,1.47,0.29,1.18,118.0,False
2021-09-27,1.48,0.31,1.17,117.0,False
2021-09-28,1.54,0.31,1.23,123.0,False
2021-09-29,1.55,0.3,1.25,125.0,False
2021-09-30,1.52,0.28,1.24,124.0,False
2021-10-01,1.48,0.27,1.21,121.0,False
2021-10-04,1.49,0.27,1.22,122.0,False
2021-10-05,1.54,0.28,1.26,126.0,False
2021-10-06,1.53,0.3,1.23,123.0,False
2021-10-07,1.58,0.32,1.26,126.0,False
2021-10-08,1.61,0.32,1.29,129.0,False
2021-10-12,1.59,0.35,1.24,124.0,False
2021-10-13,1.56,0.37,1.19,119.0,False
2021-10-14,1.52,0.36,1.16,116.0,False
2021-10-15,1.59,0.41,1.18,118.0,False
2021-10-18,1.59,0.44,1.15,115.0,False
2021-10-19,1.65,0.41,1.24,124.0,False
2021-10-20,1.65,0.4,1.25,125.0,False
2021-10-21,1.68,0.45,1.23,123.0,False
2021-10-22,1.66,0.48,1.18,118.0,False
2021-10-25,1.64,0.47,1.17,117.0,False
2021-10-26,1.63,0.47,1.16,116.0,False
2021-10-27,1.54,0.5,1.04,104.0,False
2021-10-28,1.57,0.5,1.07,107.0,False
2021-10-29,1.55,0.48,1.07,107.0,False
2021-11-01,1.58,0.5,1.08,108.0,False
2021-11-02,1.56,0.46,1.1,110.0,False
2021-11-03,1.6,0.47,1.13,113.0,False
2021-11-04,1.53,0.41,1.12,112.0,False
2021-11-05,1.45,0.39,1.06,106.0,False
2021-11-08,1.51,0.45,1.06,106.0,False
2021-11-09,1.46,0.41,1.05,105.0,False
2021-11-10,1.56,0.51,1.05,105.0,False
2021-11-12,1.58,0.53,1.05,105.0,False
2021-11-15,1.63,0.53,1.1,110.0,False
2021-11-16,1.63,0.54,1.09,109.0,False
2021-11-17,1.6,0.52,1.08,108.0,False
2021-11-18,1.59,0.52,1.07,107.0,False
2021-11-19,1.54,0.52,1.02,102.0,False
2021-11-22,1.63,0.63,1.0,100.0,False
2021-11-23,1.67,0.6,1.07,107.0,False
2021-11-24,1.64,0.64,1.0,100.0,False
2021-11-26,1.48,0.5,0.98,98.0,False
2021-11-29,1.52,0.51,1.01,101.0,False
2021-11-30,1.43,0.52,0.91,91.0,False
2021-12-01,1.43,0.56,0.87,87.0,False
2021-12-02,1.44,0.63,0.81,81.0,False
2021-12-03,1.35,0.6,0.75,75.0,False
2021-12-06,1.43,0.65,0.78,78.0,False
2021-12-07,1.48,0.7,0.78,78.0,False
2021-12-08,1.52,0.68,0.84,84.0,False
2021-12-09,1.49,0.7,0.79,79.0,False
2021-12-10,1.48,0.67,0.81,81.0,False
2021-12-13,1.42,0.66,0.76,76.0,False
2021-12-14,1.44,0.67,0.77,77.0,False
2021-12-15,1.47,0.69,0.78,78.0,False
2021-12-16,1.44,0.64,0.8,80.0,False
2021-12-17,1.41,0.66,0.75,75.0,False
2021-12-20,1.43,0.65,0.78,78.0,False
2021-12-21,1.48,0.7,0.78,78.0,False
2021-12-22,1.46,0.68,0.78,78.0,False
2021-12-23,1.5,0.71,0.79,79.0,False
2021-12-27,1.48,0.76,0.72,72.0,False
2021-12-28,1.49,0.74,0.75,75.0,False
2021-12-29,1.55,0.75,0.8,80.0,False
2021-12-30,1.52,0.73,0.79,79.0,False
2021-12-31,1.52,0.73,0.79,79.0,False
2022-01-03,1.63,0.78,0.85,85.0,False
2022-01-04,1.66,0.77,0.89,89.0,False
2022-01-05,1.71,0.83,0.88,88.0,False
2022-01-06,1.73,0.88,0.85,85.0,False
2022-01-07,1.76,0.87,0.89,89.0,False
2022-01-10,1.78,0.92,0.86,86.0,False
2022-01-11,1.75,0.9,0.85,85.0,False
2022-01-12,1.74,0.92,0.82,82.0,False
2022-01-13,1.7,0.91,0.79,79.0,False
2022-01-14,1.78,0.99,0.79,79.0,False
2022-01-18,1.87,1.06,0.81,81.0,False
2022-01-19,1.83,1.04,0.79,79.0,False
2022-01-20,1.83,1.08,0.75,75.0,False
2022-01-21,1.75,1.01,0.74,74.0,False
2022-01-24,1.75,0.99,0.76,76.0,False
2022-01-25,1.78,1.02,0.76,76.0,False
2022-01-26,1.85,1.13,0.72,72.0,False
2022-01-27,1.81,1.18,0.63,63.0,False
2022-01-28,1.78,1.15,0.63,63.0,False
2022-01-31,1.79,1.18,0.61,61.0,False
2022-02-01,1.81,1.18,0.63,63.0,False
2022-02-02,1.78,1.16,0.62,62.0,False
2022-02-03,1.82,1.19,0.63,63.0,False
2022-02-04,1.93,1.31,0.62,62.0,False
2022-02-07,1.92,1.3,0.62,62.0,False
2022-02-08,1.96,1.35,0.61,61.0,False
2022-02-09,1.94,1.36,0.58,58.0,False
2022-02-10,2.03,1.61,0.42,42.0,False
2022-02-11,1.92,1.5,0.42,42.0,False
2022-02-14,1.98,1.58,0.4,40.0,False
2022-02-15,2.05,1.58,0.47,47.0,False
2022-02-16,2.03,1.52,0.51,51.0,False
2022-02-17,1.97,1.49,0.48,48.0,False
2022-02-18,1.92,1.47,0.45,45.0,False
2022-02-22,1.94,1.56,0.38,38.0,False
2022-02-23,1.99,1.58,0.41,41.0,False
2022-02-24,1.96,1.54,0.42,42.0,False
2022-02-25,1.97,1.55,0.42,42.0,False
2022-02-28,1.83,1.44,0.39,39.0,False
2022-03-01,1.72,1.31,0.41,41.0,False
2022-03-02,1.86,1.5,0.36,36.0,False
2022-03-03,1.86,1.53,0.33,33.0,False
2022-03-04,1.74,1.5,0.24,24.0,False
2022-03-07,1.78,1.55,0.23,23.0,False
2022-03-08,1.86,1.63,0.23,23.0,False
2022-03-09,1.94,1.68,0.26,26.0,False
2022-03-10,1.98,1.72,0.26,26.0,False
2022-03-11,2.0,1.75,0.25,25.0,False
2022-03-14,2.14,1.87,0.27,27.0,False
2022-03-15,2.15,1.85,0.3,30.0,False
2022-03-16,2.19,1.95,0.24,24.0,False
2022-03-17,2.2,1.94,0.26,26.0,False
2022-03-18,2.14,1.97,0.17,17.0,False
2022-03-21,2.32,2.14,0.18,18.0,False
2022-03-22,2.38,2.18,0.2,20.0,False
2022-03-23,2.32,2.13,0.19,19.0,False
2022-03-24,2.34,2.13,0.21,21.0,False
2022-03-25,2.48,2.3,0.18,18.0,False
2022-03-28,2.46,2.35,0.11,11.0,False
2022-03-29,2.41,2.35,0.06,6.0,False
2022-03-30,2.35,2.31,0.04,4.0,False
2022-03-31,2.32,2.28,0.04,4.0,False
2022-04-01,2.39,2.44,-0.05,-5.0,True
2022-04-04,2.42,2.43,-0.01,-1.0,True
2022-04-05,2.54,2.51,0.03,3.0,False
2022-04-06,2.61,2.5,0.11,11.0,False
2022-04-07,2.66,2.47,0.19,19.0,False
2022-04-08,2.72,2.53,0.19,19.0,False
2022-04-11,2.79,2.5,0.29,29.0,False
2022-04-12,2.72,2.39,0.33,33.0,False
2022-04-13,2.7,2.37,0.33,33.0,False
2022-04-14,2.83,2.47,0.36,36.0,False
2022-04-18,2.85,2.46,0.39,39.0,False
2022-04-19,2.93,2.61,0.32,32.0,False
2022-04-20,2.85,2.6,0.25,25.0,False
2022-04-21,2.9,2.68,0.22,22.0,False
2022-04-22,2.9,2.72,0.18,18.0,False
2022-04-25,2.81,2.63,0.18,18.0,False
2022-04-26,2.77,2.54,0.23,23.0,False
2022-04-27,2.82,2.58,0.24,24.0,False
2022-04-28,2.85,2.63,0.22,22.0,False
2022-04-29,2.89,2.7,0.19,19.0,False
2022-05-02,2.99,2.73,0.26,26.0,False
2022-05-03,2.97,2.78,0.19,19.0,False
2022-05-04,2.93,2.66,0.27,27.0,False
2022-05-05,3.05,2.71,0.34,34.0,False
2022-05-06,3.12,2.72,0.4,40.0,False
2022-05-09,3.05,2.61,0.44,44.0,False
2022-05-10,2.99,2.62,0.37,37.0,False
2022-05-11,2.91,2.66,0.25,25.0,False
2022-05-12,2.84,2.56,0.28,28.0,False
2022-05-13,2.93,2.61,0.32,32.0,False
2022-05-16,2.88,2.58,0.3,30.0,False
2022-05-17,2.98,2.71,0.27,27.0,False
2022-05-18,2.89,2.68,0.21,21.0,False
2022-05-19,2.84,2.63,0.21,21.0,False
2022-05-20,2.78,2.6,0.18,18.0,False
2022-05-23,2.86,2.65,0.21,21.0,False
2022-05-24,2.76,2.5,0.26,26.0,False
2022-05-25,2.75,2.48,0.27,27.0,False
2022-05-26,2.75,2.46,0.29,29.0,False
2022-05-27,2.74,2.47,0.27,27.0,False
2022-05-31,2.85,2.53,0.32,32.0,False
2022-06-01,2.94,2.66,0.28,28.0,False
2022-06-02,2.92,2.65,0.27,27.0,False
2022-06-03,2.96,2.66,0.3,30.0,False
2022-06-06,3.04,2.73,0.31,31.0,False
2022-06-07,2.98,2.75,0.23,23.0,False
2022-06-08,3.03,2.78,0.25,25.0,False
2022-06-09,3.04,2.83,0.21,21.0,False
2022-06-10,3.15,3.06,0.09,9.0,False
2022-06-13,3.43,3.4,0.03,3.0,False
2022-06-14,3.49,3.45,0.04,4.0,False
2022-06-15,3.33,3.2,0.13,13.0,False
2022-06-16,3.28,3.14,0.14,14.0,False
2022-06-17,3.25,3.17,0.08,8.0,False
2022-06-21,3.31,3.21,0.1,10.0,False
2022-06-22,3.16,3.06,0.1,10.0,False
2022-06-23,3.09,3.01,0.08,8.0,False
2022-06-24,3.13,3.04,0.09,9.0,False
2022-06-27,3.2,3.08,0.12,12.0,False
2022-06-28,3.2,3.1,0.1,10.0,False
2022-06-29,3.1,3.06,0.04,4.0,False
2022-06-30,2.98,2.92,0.06,6.0,False
2022-07-01,2.88,2.84,0.04,4.0,False
2022-07-05,2.82,2.82,0.0,0.0,False
2022-07-06,2.93,2.97,-0.04,-4.0,True
2022-07-07,3.01,3.03,-0.02,-2.0,True
2022-07-08,3.09,3.12,-0.03,-3.0,True
2022-07-11,2.99,3.07,-0.08,-8.0,True
2022-07-12,2.96,3.03,-0.07,-7.0,True
2022-07-13,2.91,3.13,-0.22,-22.0,True
2022-07-14,2.96,3.15,-0.19,-19.0,True
2022-07-15,2.93,3.13,-0.2,-20.0,True
2022-07-18,2.96,3.15,-0.19,-19.0,True
2022-07-19,3.01,3.23,-0.22,-22.0,True
2022-07-20,3.04,3.25,-0.21,-21.0,True
2022-07-21,2.91,3.1,-0.19,-19.0,True
2022-07-22,2.77,2.98,-0.21,-21.0,True
2022-07-25,2.81,3.0,-0.19,-19.0,True
2022-07-26,2.81,3.02,-0.21,-21.0,True
2022-07-27,2.78,2.96,-0.18,-18.0,True
2022-07-28,2.68,2.85,-0.17,-17.0,True
2022-07-29,2.67,2.89,-0.22,-22.0,True
2022-08-01,2.6,2.9,-0.3,-30.0,True
2022-08-02,2.75,3.06,-0.31,-31.0,True
2022-08-03,2.73,3.1,-0.37,-37.0,True
2022-08-04,2.68,3.03,-0.35,-35.0,True
2022-08-05,2.83,3.24,-0.41,-41.0,True
2022-08-08,2.77,3.21,-0.44,-44.0,True
2022-08-09,2.8,3.28,-0.48,-48.0,True
2022-08-10,2.78,3.23,-0.45,-45.0,True
2022-08-11,2.87,3.23,-0.36,-36.0,True
2022-08-12,2.84,3.25,-0.41,-41.0,True
2022-08-15,2.79,3.2,-0.41,-41.0,True
2022-08-16,2.82,3.25,-0.43,-43.0,True
2022-08-17,2.89,3.28,-0.39,-39.0,True
2022-08-18,2.88,3.22,-0.34,-34.0,True
2022-08-19,2.98,3.25,-0.27,-27.0,True
2022-08-22,3.03,3.32,-0.29,-29.0,True
2022-08-23,3.05,3.29,-0.24,-24.0,True
2022-08-24,3.11,3.36,-0.25,-25.0,True
2022-08-25,3.03,3.35,-0.32,-32.0,True
2022-08-26,3.04,3.37,-0.33,-33.0,True
2022-08-29,3.12,3.42,-0.3,-30.0,True
2022-08-30,3.11,3.46,-0.35,-35.0,True
2022-08-31,3.15,3.45,-0.3,-30.0,True
2022-09-01,3.26,3.51,-0.25,-25.0,True
2022-09-02,3.2,3.4,-0.2,-20.0,True
2022-09-06,3.33,3.5,-0.17,-17.0,True
2022-09-07,3.27,3.45,-0.18,-18.0,True
2022-09-08,3.29,3.48,-0.19,-19.0,True
2022-09-09,3.33,3.56,-0.23,-23.0,True
2022-09-12,3.37,3.58,-0.21,-21.0,True
2022-09-13,3.42,3.75,-0.33,-33.0,True
2022-09-14,3.41,3.78,-0.37,-37.0,True
2022-09-15,3.45,3.87,-0.42,-42.0,True
2022-09-16,3.45,3.85,-0.4,-40.0,True
2022-09-19,3.49,3.95,-0.46,-46.0,True
2022-09-20,3.57,3.96,-0.39,-39.0,True
2022-09-21,3.51,4.02,-0.51,-51.0,True
2022-09-22,3.7,4.11,-0.41,-41.0,True
2022-09-23,3.69,4.2,-0.51,-51.0,True
2022-09-26,3.88,4.27,-0.39,-39.0,True
2022-09-27,3.97,4.3,-0.33,-33.0,True
2022-09-28,3.72,4.07,-0.35,-35.0,True
2022-09-29,3.76,4.16,-0.4,-40.0,True
2022-09-30,3.83,4.22,-0.39,-39.0,True
2022-10-03,3.67,4.12,-0.45,-45.0,True
2022-10-04,3.62,4.1,-0.48,-48.0,True
2022-10-05,3.76,4.15,-0.39,-39.0,True
2022-10-06,3.83,4.23,-0.4,-40.0,True
2022-10-07,3.89,4.3,-0.41,-41.0,True
2022-10-11,3.93,4.3,-0.37,-37.0,True
2022-10-12,3.91,4.28,-0.37,-37.0,True
2022-10-13,3.97,4.47,-0.5,-50.0,True
2022-10-14,4.0,4.48,-0.48,-48.0,True
2022-10-17,4.02,4.45,-0.43,-43.0,True
2022-10-18,4.01,4.43,-0.42,-42.0,True
2022-10-19,4.14,4.55,-0.41,-41.0,True
2022-10-20,4.24,4.62,-0.38,-38.0,True
2022-10-21,4.21,4.49,-0.28,-28.0,True
2022-10-24,4.25,4.5,-0.25,-25.0,True
2022-10-25,4.1,4.42,-0.32,-32.0,True
2022-10-26,4.04,4.39,-0.35,-35.0,True
2022-10-27,3.96,4.3,-0.34,-34.0,True
2022-10-28,4.02,4.41,-0.39,-39.0,True
2022-10-31,4.1,4.51,-0.41,-41.0,True
2022-11-01,4.07,4.54,-0.47,-47.0,True
2022-11-02,4.1,4.61,-0.51,-51.0,True
2022-11-03,4.14,4.71,-0.57,-57.0,True
2022-11-04,4.17,4.66,-0.49,-49.0,True
2022-11-07,4.22,4.72,-0.5,-50.0,True
2022-11-08,4.14,4.67,-0.53,-53.0,True
2022-11-09,4.12,4.61,-0.49,-49.0,True
2022-11-10,3.82,4.34,-0.52,-52.0,True
2022-11-14,3.88,4.4,-0.52,-52.0,True
2022-11-15,3.8,4.37,-0.57,-57.0,True
2022-11-16,3.67,4.35,-0.68,-68.0,True
2022-11-17,3.77,4.43,-0.66,-66.0,True
2022-11-18,3.82,4.51,-0.69,-69.0,True
2022-11-21,3.83,4.48,-0.65,-65.0,True
2022-11-22,3.76,4.47,-0.71,-71.0,True
2022-11-23,3.71,4.46,-0.75,-75.0,True
2022-11-25,3.68,4.42,-0.74,-74.0,True
2022-11-28,3.69,4.46,-0.77,-77.0,True
2022-11-29,3.75,4.48,-0.73,-73.0,True
2022-11-30,3.68,4.38,-0.7,-70.0,True
2022-12-01,3.53,4.25,-0.72,-72.0,True
2022-12-02,3.51,4.28,-0.77,-77.0,True
2022-12-05,3.6,4.41,-0.81,-81.0,True
2022-12-06,3.51,4.34,-0.83,-83.0,True
2022-12-07,3.42,4.26,-0.84,-84.0,True
2022-12-08,3.48,4.31,-0.83,-83.0,True
2022-12-09,3.57,4.33,-0.76,-76.0,True
2022-12-12,3.61,4.39,-0.78,-78.0,True
2022-12-13,3.51,4.22,-0.71,-71.0,True
2022-12-14,3.49,4.23,-0.74,-74.0,True
2022-12-15,3.44,4.23,-0.79,-79.0,True
2022-12-16,3.48,4.17,-0.69,-69.0,True
2022-12-19,3.57,4.25,-0.68,-68.0,True
2022-12-20,3.69,4.25,-0.56,-56.0,True
2022-12-21,3.68,4.21,-0.53,-53.0,True
2022-12-22,3.67,4.24,-0.57,-57.0,True
2022-12-23,3.75,4.31,-0.56,-56.0,True
2022-12-27,3.84,4.32,-0.48,-48.0,True
2022-12-28,3.88,4.31,-0.43,-43.0,True
2022-12-29,3.83,4.34,-0.51,-51.0,True
2022-12-30,3.88,4.41,-0.53,-53.0,True
2023-01-03,3.79,4.4,-0.61,-61.0,True
2023-01-04,3.69,4.36,-0.67,-67.0,True
2023-01-05,3.71,4.45,-0.74,-74.0,True
2023-01-06,3.55,4.24,-0.69,-69.0,True
2023-01-09,3.53,4.19,-0.66,-66.0,True
2023-01-10,3.61,4.24,-0.63,-63.0,True
2023-01-11,3.54,4.2,-0.66,-66.0,True
2023-01-12,3.43,4.12,-0.69,-69.0,True
2023-01-13,3.49,4.22,-0.73,-73.0,True
2023-01-17,3.53,4.18,-0.65,-65.0,True
2023-01-18,3.37,4.06,-0.69,-69.0,True
2023-01-19,3.39,4.09,-0.7,-70.0,True
2023-01-20,3.48,4.14,-0.66,-66.0,True
2023-01-23,3.52,4.21,-0.69,-69.0,True
2023-01-24,3.46,4.12,-0.66,-66.0,True
2023-01-25,3.46,4.11,-0.65,-65.0,True
2023-01-26,3.49,4.17,-0.68,-68.0,True
2023-01-27,3.52,4.19,-0.67,-67.0,True
2023-01-30,3.55,4.25,-0.7,-70.0,True
2023-01-31,3.52,4.21,-0.69,-69.0,True
2023-02-01,3.39,4.09,-0.7,-70.0,True
2023-02-02,3.4,4.09,-0.69,-69.0,True
2023-02-03,3.53,4.3,-0.77,-77.0,True
2023-02-06,3.63,4.44,-0.81,-81.0,True
2023-02-07,3.67,4.47,-0.8,-80.0,True
2023-02-08,3.63,4.45,-0.82,-82.0,True
2023-02-09,3.67,4.48,-0.81,-81.0,True
2023-02-10,3.74,4.5,-0.76,-76.0,True
2023-02-13,3.72,4.52,-0.8,-80.0,True
2023-02-14,3.77,4.6,-0.83,-83.0,True
2023-02-15,3.81,4.62,-0.81,-81.0,True
2023-02-16,3.86,4.62,-0.76,-76.0,True
2023-02-17,3.82,4.6,-0.78,-78.0,True
2023-02-21,3.95,4.67,-0.72,-72.0,True
2023-02-22,3.93,4.66,-0.73,-73.0,True
2023-02-23,3.88,4.66,-0.78,-78.0,True
2023-02-24,3.95,4.78,-0.83,-83.0,True
2023-02-27,3.92,4.78,-0.86,-86.0,True
2023-02-28,3.92,4.81,-0.89,-89.0,True
2023-03-01,4.01,4.89,-0.88,-88.0,True
2023-03-02,4.08,4.89,-0.81,-81.0,True
2023-03-03,3.97,4.86,-0.89,-89.0,True
2023-03-06,3.98,4.89,-0.91,-91.0,True
2023-03-07,3.97,5.0,-1.03,-103.0,True
2023-03-08,3.98,5.05,-1.07,-107.0,True
2023-03-09,3.93,4.9,-0.97,-97.0,True
2023-03-10,3.7,4.6,-0.9,-90.0,True
2023-03-13,3.55,4.03,-0.48,-48.0,True
2023-03-14,3.64,4.2,-0.56,-56.0,True
2023-03-15,3.51,3.93,-0.42,-42.0,True
2023-03-16,3.56,4.14,-0.58,-58.0,True
2023-03-17,3.39,3.81,-0.42,-42.0,True
2023-03-20,3.47,3.92,-0.45,-45.0,True
2023-03-21,3.59,4.17,-0.58,-58.0,True
2023-03-22,3.48,3.96,-0.48,-48.0,True
2023-03-23,3.38,3.76,-0.38,-38.0,True
2023-03-24,3.38,3.76,-0.38,-38.0,True
2023-03-27,3.53,3.94,-0.41,-41.0,True
2023-03-28,3.55,4.02,-0.47,-47.0,True
2023-03-29,3.57,4.08,-0.51,-51.0,True
2023-03-30,3.55,4.1,-0.55,-55.0,True
2023-03-31,3.48,4.06,-0.58,-58.0,True
2023-04-03,3.43,3.97,-0.54,-54.0,True
2023-04-04,3.35,3.84,-0.49,-49.0,True
2023-04-05,3.3,3.79,-0.49,-49.0,True
2023-04-06,3.3,3.82,-0.52,-52.0,True
2023-04-07,3.39,3.97,-0.58,-58.0,True
2023-04-10,3.41,4.0,-0.59,-59.0,True
2023-04-11,3.43,4.03,-0.6,-60.0,True
2023-04-12,3.41,3.95,-0.54,-54.0,True
2023-04-13,3.45,3.96,-0.51,-51.0,True
2023-04-14,3.52,4.08,-0.56,-56.0,True
2023-04-17,3.6,4.18,-0.58,-58.0,True
2023-04-18,3.58,4.19,-0.61,-61.0,True
2023-04-19,3.6,4.24,-0.64,-64.0,True
2023-04-20,3.54,4.14,-0.6,-60.0,True
2023-04-21,3.57,4.17,-0.6,-60.0,True
2023-04-24,3.52,4.12,-0.6,-60.0,True
2023-04-25,3.4,3.86,-0.46,-46.0,True
2023-04-26,3.43,3.9,-0.47,-47.0,True
2023-04-27,3.53,4.07,-0.54,-54.0,True
2023-04-28,3.44,4.04,-0.6,-60.0,True
2023-05-01,3.59,4.14,-0.55,-55.0,True
2023-05-02,3.44,3.97,-0.53,-53.0,True
2023-05-03,3.38,3.89,-0.51,-51.0,True
2023-05-04,3.37,3.75,-0.38,-38.0,True
2023-05-05,3.44,3.92,-0.48,-48.0,True
2023-05-08,3.52,4.0,-0.48,-48.0,True
2023-05-09,3.53,4.01,-0.48,-48.0,True
2023-05-10,3.43,3.9,-0.47,-47.0,True
2023-05-11,3.39,3.89,-0.5,-50.0,True
2023-05-12,3.46,3.98,-0.52,-52.0,True
2023-05-15,3.5,3.99,-0.49,-49.0,True
2023-05-16,3.54,4.06,-0.52,-52.0,True
2023-05-17,3.57,4.12,-0.55,-55.0,True
2023-05-18,3.65,4.24,-0.59,-59.0,True
2023-05-19,3.7,4.28,-0.58,-58.0,True
2023-05-22,3.72,4.29,-0.57,-57.0,True
2023-05-23,3.7,4.26,-0.56,-56.0,True
2023-05-24,3.73,4.31,-0.58,-58.0,True
2023-05-25,3.83,4.5,-0.67,-67.0,True
2023-05-26,3.8,4.54,-0.74,-74.0,True
2023-05-30,3.69,4.46,-0.77,-77.0,True
2023-05-31,3.64,4.4,-0.76,-76.0,True
2023-06-01,3.61,4.33,-0.72,-72.0,True
2023-06-02,3.69,4.5,-0.81,-81.0,True
2023-06-05,3.69,4.46,-0.77,-77.0,True
2023-06-06,3.7,4.51,-0.81,-81.0,True
2023-06-07,3.79,4.56,-0.77,-77.0,True
2023-06-08,3.73,4.52,-0.79,-79.0,True
2023-06-09,3.75,4.59,-0.84,-84.0,True
2023-06-12,3.73,4.55,-0.82,-82.0,True
2023-06-13,3.84,4.67,-0.83,-83.0,True
2023-06-14,3.83,4.74,-0.91,-91.0,True
2023-06-15,3.72,4.62,-0.9,-90.0,True
2023-06-16,3.77,4.7,-0.93,-93.0,True
2023-06-20,3.74,4.68,-0.94,-94.0,True
2023-06-21,3.72,4.68,-0.96,-96.0,True
2023-06-22,3.8,4.77,-0.97,-97.0,True
2023-06-23,3.74,4.71,-0.97,-97.0,True
2023-06-26,3.72,4.65,-0.93,-93.0,True
2023-06-27,3.77,4.74,-0.97,-97.0,True
2023-06-28,3.71,4.71,-1.0,-100.0,True
2023-06-29,3.85,4.87,-1.02,-102.0,True
2023-06-30,3.81,4.87,-1.06,-106.0,True
2023-07-03,3.86,4.94,-1.08,-108.0,True
2023-07-05,3.95,4.94,-0.99,-99.0,True
2023-07-06,4.05,4.99,-0.94,-94.0,True
2023-07-07,4.06,4.94,-0.88,-88.0,True
2023-07-10,4.01,4.85,-0.84,-84.0,True
2023-07-11,3.99,4.88,-0.89,-89.0,True
2023-07-12,3.86,4.72,-0.86,-86.0,True
2023-07-13,3.76,4.59,-0.83,-83.0,True
2023-07-14,3.83,4.74,-0.91,-91.0,True
2023-07-17,3.81,4.74,-0.93,-93.0,True
2023-07-18,3.8,4.74,-0.94,-94.0,True
2023-07-19,3.75,4.74,-0.99,-99.0,True
2023-07-20,3.85,4.8,-0.95,-95.0,True
2023-07-21,3.84,4.82,-0.98,-98.0,True
2023-07-24,3.86,4.81,-0.95,-95.0,True
2023-07-25,3.91,4.85,-0.94,-94.0,True
2023-07-26,3.86,4.82,-0.96,-96.0,True
2023-07-27,4.01,4.91,-0.9,-90.0,True
2023-07-28,3.96,4.87,-0.91,-91.0,True
2023-07-31,3.97,4.88,-0.91,-91.0,True
2023-08-01,4.05,4.92,-0.87,-87.0,True
2023-08-02,4.08,4.88,-0.8,-80.0,True
2023-08-03,4.2,4.9,-0.7,-70.0,True
2023-08-04,4.05,4.78,-0.73,-73.0,True
2023-08-07,4.09,4.76,-0.67,-67.0,True
2023-08-08,4.02,4.74,-0.72,-72.0,True
2023-08-09,4.0,4.79,-0.79,-79.0,True
2023-08-10,4.09,4.82,-0.73,-73.0,True
2023-08-11,4.16,4.89,-0.73,-73.0,True
2023-08-14,4.19,4.96,-0.77,-77.0,True
2023-08-15,4.21,4.92,-0.71,-71.0,True
2023-08-16,4.28,4.97,-0.69,-69.0,True
2023-08-17,4.3,4.94,-0.64,-64.0,True
2023-08-18,4.26,4.92,-0.66,-66.0,True
2023-08-21,4.34,4.97,-0.63,-63.0,True
2023-08-22,4.34,5.02,-0.68,-68.0,True
2023-08-23,4.19,4.95,-0.76,-76.0,True
2023-08-24,4.23,4.98,-0.75,-75.0,True
2023-08-25,4.25,5.03,-0.78,-78.0,True
2023-08-28,4.2,4.98,-0.78,-78.0,True
2023-08-29,4.12,4.87,-0.75,-75.0,True
2023-08-30,4.12,4.9,-0.78,-78.0,True
2023-08-31,4.09,4.85,-0.76,-76.0,True
2023-09-01,4.18,4.87,-0.69,-69.0,True
2023-09-05,4.27,4.94,-0.67,-67.0,True
2023-09-06,4.3,5.01,-0.71,-71.0,True
2023-09-07,4.27,4.94,-0.67,-67.0,True
2023-09-08,4.26,4.98,-0.72,-72.0,True
2023-09-11,4.29,4.97,-0.68,-68.0,True
2023-09-12,4.27,4.98,-0.71,-71.0,True
2023-09-13,4.25,4.96,-0.71,-71.0,True
2023-09-14,4.29,5.0,-0.71,-71.0,True
2023-09-15,4.33,5.02,-0.69,-69.0,True
2023-09-18,4.32,5.05,-0.73,-73.0,True
2023-09-19,4.37,5.08,-0.71,-71.0,True
2023-09-20,4.35,5.12,-0.77,-77.0,True
2023-09-21,4.49,5.12,-0.63,-63.0,True
2023-09-22,4.44,5.1,-0.66,-66.0,True
2023-09-25,4.55,5.09,-0.54,-54.0,True
2023-09-26,4.56,5.04,-0.48,-48.0,True
2023-09-27,4.61,5.1,-0.49,-49.0,True
2023-09-28,4.59,5.04,-0.45,-45.0,True
2023-09-29,4.59,5.03,-0.44,-44.0,True
2023-10-02,4.69,5.12,-0.43,-43.0,True
2023-10-03,4.81,5.15,-0.34,-34.0,True
2023-10-04,4.73,5.05,-0.32,-32.0,True
2023-10-05,4.72,5.03,-0.31,-31.0,True
2023-10-06,4.78,5.08,-0.3,-30.0,True
2023-10-10,4.66,4.96,-0.3,-30.0,True
2023-10-11,4.58,4.99,-0.41,-41.0,True
2023-10-12,4.7,5.06,-0.36,-36.0,True
2023-10-13,4.63,5.04,-0.41,-41.0,True
2023-10-16,4.71,5.09,-0.38,-38.0,True
2023-10-17,4.83,5.19,-0.36,-36.0,True
2023-10-18,4.91,5.19,-0.28,-28.0,True
2023-10-19,4.98,5.14,-0.16,-16.0,True
2023-10-20,4.93,5.07,-0.14,-14.0,True
2023-10-23,4.86,5.05,-0.19,-19.0,True
2023-10-24,4.83,5.02,-0.19,-19.0,True
2023-10-25,4.95,5.08,-0.13,-13.0,True
2023-10-26,4.86,5.02,-0.16,-16.0,True
2023-10-27,4.84,4.99,-0.15,-15.0,True
2023-10-30,4.88,5.03,-0.15,-15.0,True
2023-10-31,4.88,5.07,-0.19,-19.0,True
2023-11-01,4.77,4.95,-0.18,-18.0,True
2023-11-02,4.67,4.98,-0.31,-31.0,True
2023-11-03,4.57,4.83,-0.26,-26.0,True
2023-11-06,4.67,4.93,-0.26,-26.0,True
2023-11-07,4.58,4.91,-0.33,-33.0,True
2023-11-08,4.49,4.93,-0.44,-44.0,True
2023-11-09,4.62,5.03,-0.41,-41.0,True
2023-11-10,4.61,5.04,-0.43,-43.0,True
2023-11-13,4.63,5.02,-0.39,-39.0,True
2023-11-14,4.44,4.8,-0.36,-36.0,True
2023-11-15,4.53,4.9,-0.37,-37.0,True
2023-11-16,4.45,4.83,-0.38,-38.0,True
2023-11-17,4.44,4.88,-0.44,-44.0,True
2023-11-20,4.42,4.89,-0.47,-47.0,True
2023-11-21,4.41,4.86,-0.45,-45.0,True
2023-11-22,4.42,4.89,-0.47,-47.0,True
2023-11-24,4.47,4.92,-0.45,-45.0,True
2023-11-27,4.39,4.84,-0.45,-45.0,True
2023-11-28,4.34,4.73,-0.39,-39.0,True
2023-11-29,4.27,4.64,-0.37,-37.0,True
2023-11-30,4.37,4.73,-0.36,-36.0,True
2023-12-01,4.22,4.56,-0.34,-34.0,True
2023-12-04,4.28,4.64,-0.36,-36.0,True
2023-12-05,4.18,4.57,-0.39,-39.0,True
2023-12-06,4.12,4.6,-0.48,-48.0,True
2023-12-07,4.14,4.58,-0.44,-44.0,True
2023-12-08,4.23,4.71,-0.48,-48.0,True
2023-12-11,4.23,4.71,-0.48,-48.0,True
2023-12-12,4.2,4.73,-0.53,-53.0,True
2023-12-13,4.04,4.46,-0.42,-42.0,True
2023-12-14,3.92,4.37,-0.45,-45.0,True
2023-12-15,3.91,4.44,-0.53,-53.0,True
2023-12-18,3.95,4.43,-0.48,-48.0,True
2023-12-19,3.93,4.41,-0.48,-48.0,True
2023-12-20,3.86,4.34,-0.48,-48.0,True
2023-12-21,3.89,4.33,-0.44,-44.0,True
2023-12-22,3.9,4.31,-0.41,-41.0,True
2023-12-26,3.89,4.26,-0.37,-37.0,True
2023-12-27,3.79,4.2,-0.41,-41.0,True
2023-12-28,3.84,4.26,-0.42,-42.0,True
2023-12-29,3.88,4.23,-0.35,-35.0,True
2024-01-02,3.95,4.33,-0.38,-38.0,True
2024-01-03,3.91,4.33,-0.42,-42.0,True
2024-01-04,3.99,4.38,-0.39,-39.0,True
2024-01-05,4.05,4.4,-0.35,-35.0,True
2024-01-08,4.01,4.36,-0.35,-35.0,True
2024-01-09,4.02,4.36,-0.34,-34.0,True
2024-01-10,4.04,4.37,-0.33,-33.0,True
2024-01-11,3.98,4.26,-0.28,-28.0,True
2024-01-12,3.96,4.14,-0.18,-18.0,True
2024-01-16,4.07,4.22,-0.15,-15.0,True
2024-01-17,4.1,4.34,-0.24,-24.0,True
2024-01-18,4.14,4.34,-0.2,-20.0,True
2024-01-19,4.15,4.39,-0.24,-24.0,True
2024-01-22,4.11,4.37,-0.26,-26.0,True
2024-01-23,4.14,4.31,-0.17,-17.0,True
2024-01-24,4.18,4.34,-0.16,-16.0,True
2024-01-25,4.14,4.28,-0.14,-14.0,True
2024-01-26,4.15,4.34,-0.19,-19.0,True
2024-01-29,4.08,4.29,-0.21,-21.0,True
2024-01-30,4.06,4.36,-0.3,-30.0,True
2024-01-31,3.99,4.27,-0.28,-28.0,True
2024-02-01,3.87,4.2,-0.33,-33.0,True
2024-02-02,4.03,4.36,-0.33,-33.0,True
2024-02-05,4.17,4.46,-0.29,-29.0,True
2024-02-06,4.09,4.39,-0.3,-30.0,True
2024-02-07,4.09,4.41,-0.32,-32.0,True
2024-02-08,4.15,4.46,-0.31,-31.0,True
2024-02-09,4.17,4.48,-0.31,-31.0,True
2024-02-12,4.17,4.46,-0.29,-29.0,True
2024-02-13,4.31,4.64,-0.33,-33.0,True
2024-02-14,4.27,4.56,-0.29,-29.0,True
2024-02-15,4.24,4.56,-0.32,-32.0,True
2024-02-16,4.3,4.64,-0.34,-34.0,True
2024-02-20,4.27,4.59,-0.32,-32.0,True
2024-02-21,4.32,4.64,-0.32,-32.0,True
2024-02-22,4.33,4.69,-0.36,-36.0,True
2024-02-23,4.26,4.67,-0.41,-41.0,True
2024-02-26,4.28,4.69,-0.41,-41.0,True
2024-02-27,4.31,4.7,-0.39,-39.0,True
2024-02-28,4.27,4.64,-0.37,-37.0,True
2024-02-29,4.25,4.64,-0.39,-39.0,True
2024-03-01,4.19,4.54,-0.35,-35.0,True
2024-03-04,4.22,4.61,-0.39,-39.0,True
2024-03-05,4.13,4.54,-0.41,-41.0,True
2024-03-06,4.11,4.55,-0.44,-44.0,True
2024-03-07,4.09,4.5,-0.41,-41.0,True
2024-03-08,4.09,4.48,-0.39,-39.0,True
2024-03-11,4.1,4.51,-0.41,-41.0,True
2024-03-12,4.16,4.58,-0.42,-42.0,True
2024-03-13,4.19,4.61,-0.42,-42.0,True
2024-03-14,4.29,4.68,-0.39,-39.0,True
2024-03-15,4.31,4.72,-0.41,-41.0,True
2024-03-18,4.34,4.73,-0.39,-39.0,True
2024-03-19,4.3,4.68,-0.38,-38.0,True
2024-03-20,4.27,4.59,-0.32,-32.0,True
2024-03-21,4.27,4.62,-0.35,-35.0,True
2024-03-22,4.22,4.59,-0.37,-37.0,True
2024-03-25,4.25,4.54,-0.29,-29.0,True
2024-03-26,4.24,4.56,-0.32,-32.0,True
2024-03-27,4.2,4.54,-0.34,-34.0,True
2024-03-28,4.2,4.59,-0.39,-39.0,True
2024-04-01,4.33,4.72,-0.39,-39.0,True
2024-04-02,4.36,4.7,-0.34,-34.0,True
2024-04-03,4.36,4.68,-0.32,-32.0,True
2024-04-04,4.31,4.65,-0.34,-34.0,True
2024-04-05,4.39,4.73,-0.34,-34.0,True
2024-04-08,4.42,4.78,-0.36,-36.0,True
2024-04-09,4.36,4.74,-0.38,-38.0,True
2024-04-10,4.55,4.97,-0.42,-42.0,True
2024-04-11,4.56,4.93,-0.37,-37.0,True
2024-04-12,4.5,4.88,-0.38,-38.0,True
2024-04-15,4.63,4.93,-0.3,-30.0,True
2024-04-16,4.67,4.97,-0.3,-30.0,True
2024-04-17,4.59,4.93,-0.34,-34.0,True
2024-04-18,4.64,4.98,-0.34,-34.0,True
2024-04-19,4.62,4.97,-0.35,-35.0,True
2024-04-22,4.62,4.97,-0.35,-35.0,True
2024-04-23,4.61,4.86,-0.25,-25.0,True
2024-04-24,4.65,4.89,-0.24,-24.0,True
2024-04-25,4.7,4.96,-0.26,-26.0,True
2024-04-26,4.67,4.96,-0.29,-29.0,True
2024-04-29,4.63,4.97,-0.34,-34.0,True
2024-04-30,4.69,5.04,-0.35,-35.0,True
2024-05-01,4.63,4.96,-0.33,-33.0,True
2024-05-02,4.58,4.87,-0.29,-29.0,True
2024-05-03,4.5,4.81,-0.31,-31.0,True
2024-05-06,4.49,4.82,-0.33,-33.0,True
2024-05-07,4.47,4.82,-0.35,-35.0,True
2024-05-08,4.48,4.84,-0.36,-36.0,True
2024-05-09,4.45,4.8,-0.35,-35.0,True
2024-05-10,4.5,4.87,-0.37,-37.0,True
2024-05-13,4.48,4.85,-0.37,-37.0,True
2024-05-14,4.45,4.81,-0.36,-36.0,True
2024-05-15,4.36,4.73,-0.37,-37.0,True
2024-05-16,4.38,4.78,-0.4,-40.0,True
2024-05-17,4.42,4.83,-0.41,-41.0,True
2024-05-20,4.44,4.82,-0.38,-38.0,True
2024-05-21,4.41,4.82,-0.41,-41.0,True
2024-05-22,4.43,4.86,-0.43,-43.0,True
2024-05-23,4.47,4.91,-0.44,-44.0,True
2024-05-24,4.46,4.93,-0.47,-47.0,True
2024-05-28,4.54,4.94,-0.4,-40.0,True
2024-05-29,4.61,4.96,-0.35,-35.0,True
2024-05-30,4.55,4.92,-0.37,-37.0,True
2024-05-31,4.51,4.89,-0.38,-38.0,True
2024-06-03,4.41,4.82,-0.41,-41.0,True
2024-06-04,4.33,4.77,-0.44,-44.0,True
2024-06-05,4.29,4.72,-0.43,-43.0,True
2024-06-06,4.28,4.72,-0.44,-44.0,True
2024-06-07,4.43,4.87,-0.44,-44.0,True
2024-06-10,4.47,4.87,-0.4,-40.0,True
2024-06-11,4.39,4.81,-0.42,-42.0,True
2024-06-12,4.31,4.75,-0.44,-44.0,True
2024-06-13,4.24,4.68,-0.44,-44.0,True
2024-06-14,4.2,4.67,-0.47,-47.0,True
2024-06-17,4.28,4.75,-0.47,-47.0,True
2024-06-18,4.22,4.69,-0.47,-47.0,True
2024-06-20,4.25,4.7,-0.45,-45.0,True
2024-06-21,4.25,4.7,-0.45,-45.0,True
2024-06-24,4.25,4.71,-0.46,-46.0,True
2024-06-25,4.23,4.65,-0.42,-42.0,True
2024-06-26,4.32,4.71,-0.39,-39.0,True
2024-06-27,4.29,4.7,-0.41,-41.0,True
2024-06-28,4.36,4.71,-0.35,-35.0,True
2024-07-01,4.48,4.77,-0.29,-29.0,True
2024-07-02,4.43,4.74,-0.31,-31.0,True
2024-07-03,4.36,4.71,-0.35,-35.0,True
2024-07-05,4.28,4.6,-0.32,-32.0,True
2024-07-08,4.28,4.62,-0.34,-34.0,True
2024-07-09,4.3,4.62,-0.32,-32.0,True
2024-07-10,4.28,4.62,-0.34,-34.0,True
2024-07-11,4.2,4.5,-0.3,-30.0,True
2024-07-12,4.18,4.45,-0.27,-27.0,True
2024-07-15,4.23,4.44,-0.21,-21.0,True
2024-07-16,4.17,4.43,-0.26,-26.0,True
2024-07-17,4.16,4.42,-0.26,-26.0,True
2024-07-18,4.2,4.46,-0.26,-26.0,True
2024-07-19,4.25,4.49,-0.24,-24.0,True
2024-07-22,4.26,4.5,-0.24,-24.0,True
2024-07-23,4.25,4.4,-0.15,-15.0,True
2024-07-24,4.28,4.37,-0.09,-9.0,True
2024-07-25,4.27,4.41,-0.14,-14.0,True
2024-07-26,4.2,4.36,-0.16,-16.0,True
2024-07-29,4.17,4.36,-0.19,-19.0,True
2024-07-30,4.15,4.35,-0.2,-20.0,True
2024-07-31,4.09,4.29,-0.2,-20.0,True
2024-08-01,3.99,4.16,-0.17,-17.0,True
2024-08-02,3.8,3.88,-0.08,-8.0,True
2024-08-05,3.78,3.89,-0.11,-11.0,True
2024-08-06,3.9,3.99,-0.09,-9.0,True
2024-08-07,3.96,4.0,-0.04,-4.0,True
2024-08-08,3.99,4.04,-0.05,-5.0,True
2024-08-09,3.94,4.05,-0.11,-11.0,True
2024-08-12,3.9,4.01,-0.11,-11.0,True
2024-08-13,3.85,3.93,-0.08,-8.0,True
2024-08-14,3.83,3.94,-0.11,-11.0,True
2024-08-15,3.92,4.08,-0.16,-16.0,True
2024-08-16,3.89,4.06,-0.17,-17.0,True
2024-08-19,3.86,4.06,-0.2,-20.0,True
2024-08-20,3.82,3.99,-0.17,-17.0,True
2024-08-21,3.79,3.92,-0.13,-13.0,True
2024-08-22,3.86,3.99,-0.13,-13.0,True
2024-08-23,3.81,3.9,-0.09,-9.0,True
2024-08-26,3.82,3.91,-0.09,-9.0,True
2024-08-27,3.83,3.83,0.0,0.0,False
2024-08-28,3.84,3.83,0.01,1.0,False
2024-08-29,3.87,3.87,0.0,0.0,False
2024-08-30,3.91,3.91,0.0,0.0,False
2024-09-03,3.84,3.88,-0.04,-4.0,True
2024-09-04,3.77,3.76,0.01,1.0,False
2024-09-05,3.73,3.75,-0.02,-2.0,True
2024-09-06,3.72,3.66,0.06,6.0,False
2024-09-09,3.7,3.68,0.02,2.0,False
2024-09-10,3.65,3.59,0.06,6.0,False
2024-09-11,3.65,3.62,0.03,3.0,False
2024-09-12,3.68,3.64,0.04,4.0,False
2024-09-13,3.66,3.57,0.09,9.0,False
2024-09-16,3.63,3.56,0.07,7.0,False
2024-09-17,3.65,3.59,0.06,6.0,False
2024-09-18,3.7,3.61,0.09,9.0,False
2024-09-19,3.73,3.59,0.14,14.0,False
2024-09-20,3.73,3.55,0.18,18.0,False
2024-09-23,3.75,3.57,0.18,18.0,False
2024-09-24,3.74,3.49,0.25,25.0,False
2024-09-25,3.79,3.53,0.26,26.0,False
2024-09-26,3.79,3.6,0.19,19.0,False
2024-09-27,3.75,3.55,0.2,20.0,False
2024-09-30,3.81,3.66,0.15,15.0,False
2024-10-01,3.74,3.61,0.13,13.0,False
2024-10-02,3.79,3.63,0.16,16.0,False
2024-10-03,3.85,3.7,0.15,15.0,False
2024-10-04,3.98,3.93,0.05,5.0,False
2024-10-07,4.03,3.99,0.04,4.0,False
2024-10-08,4.04,3.98,0.06,6.0,False
2024-10-09,4.06,3.99,0.07,7.0,False
2024-10-10,4.09,3.98,0.11,11.0,False
2024-10-11,4.08,3.95,0.13,13.0,False
2024-10-15,4.03,3.95,0.08,8.0,False
2024-10-16,4.02,3.93,0.09,9.0,False
2024-10-17,4.09,3.96,0.13,13.0,False
2024-10-18,4.08,3.95,0.13,13.0,False
2024-10-21,4.19,4.02,0.17,17.0,False
2024-10-22,4.2,4.03,0.17,17.0,False
2024-10-23,4.24,4.07,0.17,17.0,False
2024-10-24,4.21,4.07,0.14,14.0,False
2024-10-25,4.25,4.11,0.14,14.0,False
2024-10-28,4.28,4.12,0.16,16.0,False
2024-10-29,4.28,4.11,0.17,17.0,False
2024-10-30,4.29,4.15,0.14,14.0,False
2024-10-31,4.28,4.16,0.12,12.0,False
2024-11-01,4.37,4.21,0.16,16.0,False
2024-11-04,4.31,4.17,0.14,14.0,False
2024-11-05,4.26,4.19,0.07,7.0,False
2024-11-06,4.42,4.27,0.15,15.0,False
2024-11-07,4.31,4.21,0.1,10.0,False
2024-11-08,4.3,4.26,0.04,4.0,False
2024-11-12,4.43,4.34,0.09,9.0,False
2024-11-13,4.44,4.27,0.17,17.0,False
2024-11-14,4.43,4.34,0.09,9.0,False
2024-11-15,4.43,4.31,0.12,12.0,False
2024-11-18,4.42,4.29,0.13,13.0,False
2024-11-19,4.39,4.27,0.12,12.0,False
2024-11-20,4.41,4.31,0.1,10.0,False
2024-11-21,4.43,4.34,0.09,9.0,False
2024-11-22,4.41,4.37,0.04,4.0,False
2024-11-25,4.27,4.21,0.06,6.0,False
2024-11-26,4.3,4.21,0.09,9.0,False
2024-11-27,4.25,4.19,0.06,6.0,False
2024-11-29,4.18,4.13,0.05,5.0,False
2024-12-02,4.19,4.17,0.02,2.0,False
2024-12-03,4.23,4.17,0.06,6.0,False
2024-12-04,4.19,4.13,0.06,6.0,False
2024-12-05,4.17,4.15,0.02,2.0,False
2024-12-06,4.15,4.1,0.05,5.0,False
2024-12-09,4.2,4.13,0.07,7.0,False
2024-12-10,4.22,4.15,0.07,7.0,False
2024-12-11,4.26,4.15,0.11,11.0,False
2024-12-12,4.32,4.18,0.14,14.0,False
2024-12-13,4.4,4.25,0.15,15.0,False
2024-12-16,4.39,4.25,0.14,14.0,False
2024-12-17,4.4,4.25,0.15,15.0,False
2024-12-18,4.5,4.35,0.15,15.0,False
2024-12-19,4.57,4.32,0.25,25.0,False
2024-12-20,4.52,4.3,0.22,22.0,False
2024-12-23,4.59,4.3,0.29,29.0,False
2024-12-24,4.59,4.29,0.3,30.0,False
2024-12-26,4.58,4.3,0.28,28.0,False
2024-12-27,4.62,4.31,0.31,31.0,False
2024-12-30,4.55,4.24,0.31,31.0,False
2024-12-31,4.58,4.25,0.33,33.0,False
2025-01-02,4.57,4.25,0.32,32.0,False
2025-01-03,4.6,4.28,0.32,32.0,False
2025-01-06,4.62,4.28,0.34,34.0,False
2025-01-07,4.67,4.3,0.37,37.0,False
2025-01-08,4.67,4.28,0.39,39.0,False
2025-01-09,4.68,4.27,0.41,41.0,False
2025-01-10,4.77,4.4,0.37,37.0,False
2025-01-13,4.79,4.4,0.39,39.0,False
2025-01-14,4.78,4.37,0.41,41.0,False
2025-01-15,4.66,4.27,0.39,39.0,False
2025-01-16,4.61,4.23,0.38,38.0,False
2025-01-17,4.61,4.27,0.34,34.0,False
2025-01-21,4.57,4.29,0.28,28.0,False
2025-01-22,4.6,4.29,0.31,31.0,False
2025-01-23,4.65,4.29,0.36,36.0,False
2025-01-24,4.63,4.27,0.36,36.0,False
2025-01-27,4.53,4.17,0.36,36.0,False
2025-01-28,4.55,4.19,0.36,36.0,False
2025-01-29,4.55,4.21,0.34,34.0,False
2025-01-30,4.52,4.18,0.34,34.0,False
2025-01-31,4.58,4.22,0.36,36.0,False
2025-02-03,4.54,4.26,0.28,28.0,False
2025-02-04,4.52,4.21,0.31,31.0,False
2025-02-05,4.43,4.17,0.26,26.0,False
2025-02-06,4.45,4.21,0.24,24.0,False
2025-02-07,4.49,4.29,0.2,20.0,False
2025-02-10,4.51,4.28,0.23,23.0,False
2025-02-11,4.54,4.29,0.25,25.0,False
2025-02-12,4.62,4.36,0.26,26.0,False
2025-02-13,4.52,4.31,0.21,21.0,False
2025-02-14,4.47,4.26,0.21,21.0,False
2025-02-18,4.55,4.29,0.26,26.0,False
2025-02-19,4.53,4.28,0.25,25.0,False
2025-02-20,4.5,4.28,0.22,22.0,False
2025-02-21,4.42,4.19,0.23,23.0,False
2025-02-24,4.4,4.13,0.27,27.0,False
2025-02-25,4.3,4.07,0.23,23.0,False
2025-02-26,4.25,4.05,0.2,20.0,False
2025-02-27,4.29,4.07,0.22,22.0,False
2025-02-28,4.24,3.99,0.25,25.0,False
2025-03-03,4.16,3.96,0.2,20.0,False
2025-03-04,4.22,3.96,0.26,26.0,False
2025-03-05,4.28,3.99,0.29,29.0,False
2025-03-06,4.29,3.96,0.33,33.0,False
2025-03-07,4.32,3.99,0.33,33.0,False
2025-03-10,4.22,3.89,0.33,33.0,False
2025-03-11,4.28,3.94,0.34,34.0,False
2025-03-12,4.32,4.01,0.31,31.0,False
2025-03-13,4.27,3.94,0.33,33.0,False
2025-03-14,4.31,4.02,0.29,29.0,False
2025-03-17,4.31,4.06,0.25,25.0,False
2025-03-18,4.29,4.04,0.25,25.0,False
2025-03-19,4.25,3.99,0.26,26.0,False
2025-03-20,4.24,3.95,0.29,29.0,False
2025-03-21,4.25,3.94,0.31,31.0,False
2025-03-24,4.34,4.04,0.3,30.0,False
2025-03-25,4.31,3.96,0.35,35.0,False
2025-03-26,4.35,3.98,0.37,37.0,False
2025-03-27,4.38,3.97,0.41,41.0,False
2025-03-28,4.27,3.89,0.38,38.0,False
2025-03-31,4.23,3.89,0.34,34.0,False
2025-04-01,4.17,3.87,0.3,30.0,False
2025-04-02,4.2,3.91,0.29,29.0,False
2025-04-03,4.06,3.71,0.35,35.0,False
2025-04-04,4.01,3.68,0.33,33.0,False
2025-04-07,4.15,3.73,0.42,42.0,False
2025-04-08,4.26,3.71,0.55,55.0,False
2025-04-09,4.34,3.91,0.43,43.0,False
2025-04-10,4.4,3.84,0.56,56.0,False
2025-04-11,4.48,3.96,0.52,52.0,False
2025-04-14,4.38,3.84,0.54,54.0,False
2025-04-15,4.35,3.84,0.51,51.0,False
2025-04-16,4.29,3.77,0.52,52.0,False
2025-04-17,4.34,3.81,0.53,53.0,False
2025-04-21,4.42,3.75,0.67,67.0,False
2025-04-22,4.41,3.76,0.65,65.0,False
2025-04-23,4.4,3.81,0.59,59.0,False
2025-04-24,4.32,3.77,0.55,55.0,False
2025-04-25,4.29,3.74,0.55,55.0,False
2025-04-28,4.23,3.67,0.56,56.0,False
2025-04-29,4.19,3.65,0.54,54.0,False
2025-04-30,4.17,3.6,0.57,57.0,False
2025-05-01,4.25,3.7,0.55,55.0,False
2025-05-02,4.33,3.83,0.5,50.0,False
2025-05-05,4.36,3.83,0.53,53.0,False
2025-05-06,4.3,3.78,0.52,52.0,False
2025-05-07,4.26,3.78,0.48,48.0,False
2025-05-08,4.37,3.9,0.47,47.0,False
2025-05-09,4.37,3.88,0.49,49.0,False
2025-05-12,4.45,3.98,0.47,47.0,False
2025-05-13,4.49,4.02,0.47,47.0,False
2025-05-14,4.53,4.05,0.48,48.0,False
2025-05-15,4.45,3.96,0.49,49.0,False
2025-05-16,4.43,3.98,0.45,45.0,False
2025-05-19,4.46,3.97,0.49,49.0,False
2025-05-20,4.48,3.97,0.51,51.0,False
2025-05-21,4.58,4.0,0.58,58.0,False
2025-05-22,4.54,4.0,0.54,54.0,False
2025-05-23,4.51,4.0,0.51,51.0,False
2025-05-27,4.43,3.92,0.51,51.0,False
2025-05-28,4.47,3.96,0.51,51.0,False
2025-05-29,4.43,3.92,0.51,51.0,False
2025-05-30,4.41,3.89,0.52,52.0,False
2025-06-02,4.46,3.94,0.52,52.0,False
2025-06-03,4.46,3.96,0.5,50.0,False
2025-06-04,4.37,3.87,0.5,50.0,False
2025-06-05,4.4,3.92,0.48,48.0,False
2025-06-06,4.51,4.04,0.47,47.0,False
2025-06-09,4.49,4.01,0.48,48.0,False
2025-06-10,4.47,4.01,0.46,46.0,False
2025-06-11,4.41,3.94,0.47,47.0,False
2025-06-12,4.36,3.9,0.46,46.0,False
2025-06-13,4.41,3.96,0.45,45.0,False
2025-06-16,4.46,3.97,0.49,49.0,False
2025-06-17,4.39,3.94,0.45,45.0,False
2025-06-18,4.38,3.94,0.44,44.0,False
2025-06-20,4.38,3.9,0.48,48.0,False
2025-06-23,4.34,3.84,0.5,50.0,False
2025-06-24,4.3,3.75,0.55,55.0,False
2025-06-25,4.29,3.74,0.55,55.0,False
2025-06-26,4.26,3.7,0.56,56.0,False
2025-06-27,4.29,3.73,0.56,56.0,False
2025-06-30,4.24,3.72,0.52,52.0,False
2025-07-01,4.26,3.78,0.48,48.0,False
2025-07-02,4.3,3.78,0.52,52.0,False
2025-07-03,4.35,3.88,0.47,47.0,False
2025-07-07,4.4,3.9,0.5,50.0,False
2025-07-08,4.42,3.9,0.52,52.0,False
2025-07-09,4.34,3.86,0.48,48.0,False
2025-07-10,4.35,3.86,0.49,49.0,False
2025-07-11,4.43,3.9,0.53,53.0,False
2025-07-14,4.43,3.9,0.53,53.0,False
2025-07-15,4.5,3.95,0.55,55.0,False
2025-07-16,4.46,3.88,0.58,58.0,False
2025-07-17,4.47,3.91,0.56,56.0,False
2025-07-18,4.44,3.88,0.56,56.0,False
2025-07-21,4.38,3.85,0.53,53.0,False
2025-07-22,4.35,3.83,0.52,52.0,False
2025-07-23,4.4,3.88,0.52,52.0,False
2025-07-24,4.43,3.91,0.52,52.0,False
2025-07-25,4.4,3.91,0.49,49.0,False
2025-07-28,4.42,3.91,0.51,51.0,False
2025-07-29,4.34,3.86,0.48,48.0,False
2025-07-30,4.38,3.94,0.44,44.0,False
2025-07-31,4.37,3.94,0.43,43.0,False
2025-08-01,4.23,3.69,0.54,54.0,False
2025-08-04,4.22,3.69,0.53,53.0,False
2025-08-05,4.22,3.72,0.5,50.0,False
2025-08-06,4.22,3.69,0.53,53.0,False
2025-08-07,4.23,3.72,0.51,51.0,False
2025-08-08,4.27,3.76,0.51,51.0,False
2025-08-11,4.27,3.76,0.51,51.0,False
2025-08-12,4.29,3.72,0.57,57.0,False
2025-08-13,4.24,3.67,0.57,57.0,False
2025-08-14,4.29,3.74,0.55,55.0,False
2025-08-15,4.33,3.75,0.58,58.0,False
2025-08-18,4.34,3.77,0.57,57.0,False
2025-08-19,4.3,3.75,0.55,55.0,False
2025-08-20,4.29,3.74,0.55,55.0,False
2025-08-21,4.33,3.79,0.54,54.0,False
2025-08-22,4.26,3.68,0.58,58.0,False
2025-08-25,4.28,3.73,0.55,55.0,False
2025-08-26,4.26,3.61,0.65,65.0,False
2025-08-27,4.24,3.59,0.65,65.0,False
2025-08-28,4.22,3.62,0.6,60.0,False
2025-08-29,4.23,3.59,0.64,64.0,False
2025-09-02,4.28,3.66,0.62,62.0,False
2025-09-03,4.22,3.61,0.61,61.0,False
2025-09-04,4.17,3.59,0.58,58.0,False
2025-09-05,4.1,3.51,0.59,59.0,False
2025-09-08,4.05,3.49,0.56,56.0,False
2025-09-09,4.08,3.54,0.54,54.0,False
2025-09-10,4.04,3.54,0.5,50.0,False
2025-09-11,4.01,3.52,0.49,49.0,False
2025-09-12,4.06,3.56,0.5,50.0,False
2025-09-15,4.05,3.54,0.51,51.0,False
2025-09-16,4.04,3.51,0.53,53.0,False
2025-09-17,4.06,3.52,0.54,54.0,False
2025-09-18,4.11,3.57,0.54,54.0,False
2025-09-19,4.14,3.57,0.57,57.0,False
2025-09-22,4.15,3.61,0.54,54.0,False
2025-09-23,4.12,3.53,0.59,59.0,False
2025-09-24,4.16,3.57,0.59,59.0,False
2025-09-25,4.18,3.64,0.54,54.0,False
2025-09-26,4.2,3.63,0.57,57.0,False
2025-09-29,4.15,3.63,0.52,52.0,False
2025-09-30,4.16,3.6,0.56,56.0,False
2025-10-01,4.12,3.55,0.57,57.0,False
2025-10-02,4.1,3.55,0.55,55.0,False
2025-10-03,4.13,3.58,0.55,55.0,False
2025-10-06,4.18,3.6,0.58,58.0,False
2025-10-07,4.14,3.57,0.57,57.0,False
2025-10-08,4.13,3.58,0.55,55.0,False
2025-10-09,4.14,3.6,0.54,54.0,False
2025-10-10,4.05,3.52,0.53,53.0,False
2025-10-14,4.03,3.48,0.55,55.0,False
2025-10-15,4.05,3.5,0.55,55.0,False
2025-10-16,3.99,3.41,0.58,58.0,False
2025-10-17,4.02,3.46,0.56,56.0,False
2025-10-20,4.0,3.46,0.54,54.0,False
2025-10-21,3.98,3.45,0.53,53.0,False
2025-10-22,3.97,3.45,0.52,52.0,False
2025-10-23,4.01,3.48,0.53,53.0,False
2025-10-24,4.02,3.48,0.54,54.0,False
2025-10-27,4.01,3.48,0.53,53.0,False
2025-10-28,3.99,3.47,0.52,52.0,False
2025-10-29,4.08,3.59,0.49,49.0,False
2025-10-30,4.11,3.61,0.5,50.0,False
2025-10-31,4.11,3.6,0.51,51.0,False
2025-11-03,4.13,3.6,0.53,53.0,False
2025-11-04,4.1,3.58,0.52,52.0,False
2025-11-05,4.17,3.63,0.54,54.0,False
2025-11-06,4.11,3.57,0.54,54.0,False
2025-11-07,4.11,3.55,0.56,56.0,False
2025-11-10,4.13,3.58,0.55,55.0,False
2025-11-12,4.08,3.56,0.52,52.0,False
2025-11-13,4.11,3.58,0.53,53.0,False
2025-11-14,4.14,3.62,0.52,52.0,False
2025-11-17,4.13,3.6,0.53,53.0,False
2025-11-18,4.12,3.58,0.54,54.0,False
2025-11-19,4.13,3.58,0.55,55.0,False
2025-11-20,4.1,3.55,0.55,55.0,False
2025-11-21,4.06,3.51,0.55,55.0,False
2025-11-24,4.04,3.46,0.58,58.0,False
2025-11-25,4.01,3.43,0.58,58.0,False
2025-11-26,4.0,3.45,0.55,55.0,False
2025-11-28,4.02,3.47,0.55,55.0,False
2025-12-01,4.09,3.54,0.55,55.0,False
2025-12-02,4.09,3.51,0.58,58.0,False
2025-12-03,4.06,3.49,0.57,57.0,False
2025-12-04,4.11,3.52,0.59,59.0,False
2025-12-05,4.14,3.56,0.58,58.0,False
2025-12-08,4.17,3.57,0.6,60.0,False
2025-12-09,4.18,3.61,0.57,57.0,False
2025-12-10,4.13,3.54,0.59,59.0,False
2025-12-11,4.14,3.52,0.62,62.0,False
2025-12-12,4.19,3.52,0.67,67.0,False
2025-12-15,4.18,3.51,0.67,67.0,False
2025-12-16,4.15,3.48,0.67,67.0,False
2025-12-17,4.16,3.49,0.67,67.0,False
2025-12-18,4.12,3.46,0.66,66.0,False
2025-12-19,4.16,3.48,0.68,68.0,False
2025-12-22,4.17,3.44,0.73,73.0,False
2025-12-23,4.18,3.48,0.7,70.0,False
2025-12-24,4.15,3.47,0.68,68.0,False
2025-12-26,4.14,3.46,0.68,68.0,False
2025-12-29,4.12,3.45,0.67,67.0,False
2025-12-30,4.14,3.45,0.69,69.0,False
2025-12-31,4.18,3.47,0.71,71.0,False
2026-01-02,4.19,3.47,0.72,72.0,False
2026-01-05,4.17,3.46,0.71,71.0,False
2026-01-06,4.18,3.47,0.71,71.0,False
2026-01-07,4.15,3.47,0.68,68.0,False
2026-01-08,4.19,3.49,0.7,70.0,False
2026-01-09,4.18,3.54,0.64,64.0,False
2026-01-12,4.19,3.54,0.65,65.0,False
2026-01-13,4.18,3.53,0.65,65.0,False
2026-01-14,4.15,3.51,0.64,64.0,False
2026-01-15,4.17,3.56,0.61,61.0,False
2026-01-16,4.24,3.59,0.65,65.0,False
2026-01-20,4.3,3.6,0.7,70.0,False
2026-01-21,4.26,3.6,0.66,66.0,False
2026-01-22,4.26,3.61,0.65,65.0,False
2026-01-23,4.24,3.6,0.64,64.0,False
2026-01-26,4.22,3.56,0.66,66.0,False
2026-01-27,4.24,3.53,0.71,71.0,False
2026-01-28,4.26,3.56,0.7,70.0,False
2026-01-29,4.24,3.53,0.71,71.0,False
2026-01-30,4.26,3.52,0.74,74.0,False
2026-02-02,4.29,3.57,0.72,72.0,False
2026-02-03,4.28,3.57,0.71,71.0,False
2026-02-04,4.29,3.57,0.72,72.0,False
2026-02-05,4.21,3.47,0.74,74.0,False
2026-02-06,4.22,3.5,0.72,72.0,False
2026-02-09,4.22,3.48,0.74,74.0,False
2026-02-10,4.16,3.45,0.71,71.0,False
2026-02-11,4.18,3.52,0.66,66.0,False
2026-02-12,4.09,3.47,0.62,62.0,False
2026-02-13,4.04,3.4,0.64,64.0,False
2026-02-17,4.05,3.43,0.62,62.0,False
2026-02-18,4.09,3.47,0.62,62.0,False
2026-02-19,4.08,3.47,0.61,61.0,False
2026-02-20,4.08,3.48,0.6,60.0,False
2026-02-23,4.03,3.43,0.6,60.0,False
2026-02-24,4.04,3.43,0.61,61.0,False
2026-02-25,4.05,3.45,0.6,60.0,False
2026-02-26,4.02,3.42,0.6,60.0,False
2026-02-27,3.97,3.38,0.59,59.0,False
2026-03-02,4.05,3.47,0.58,58.0,False
2026-03-03,4.06,3.51,0.55,55.0,False
2026-03-04,4.09,3.54,0.55,55.0,False
2026-03-05,4.13,3.57,0.56,56.0,False
2026-03-06,4.15,3.56,0.59,59.0,False
2026-03-09,4.12,3.56,0.56,56.0,False
2026-03-10,4.15,3.57,0.58,58.0,False
2026-03-11,4.21,3.64,0.57,57.0,False
2026-03-12,4.27,3.76,0.51,51.0,False
2026-03-13,4.28,3.73,0.55,55.0,False
2026-03-16,4.23,3.68,0.55,55.0,False
2026-03-17,4.2,3.68,0.52,52.0,False
2026-03-18,4.26,3.76,0.5,50.0,False
2026-03-19,4.25,3.79,0.46,46.0,False
2026-03-20,4.39,3.88,0.51,51.0,False
2026-03-23,4.34,3.83,0.51,51.0,False
2026-03-24,4.39,3.9,0.49,49.0,False
2026-03-25,4.33,3.84,0.49,49.0,False
2026-03-26,4.42,3.96,0.46,46.0,False
2026-03-27,4.44,3.88,0.56,56.0,False
2026-03-30,4.35,3.82,0.53,53.0,False
2026-03-31,4.3,3.79,0.51,51.0,False
2026-04-01,4.33,3.81,0.52,52.0,False
2026-04-02,4.31,3.79,0.52,52.0,False
2026-04-03,4.35,3.84,0.51,51.0,False
2026-04-06,4.34,3.84,0.5,50.0,False
2026-04-07,4.33,3.81,0.52,52.0,False
2026-04-08,4.29,3.79,0.5,50.0,False
2026-04-09,4.29,3.78,0.51,51.0,False
2026-04-10,4.31,3.81,0.5,50.0,False
2026-04-13,4.3,3.78,0.52,52.0,False
2026-04-14,4.26,3.76,0.5,50.0,False
2026-04-15,4.29,3.76,0.53,53.0,False
2026-04-16,4.32,3.78,0.54,54.0,False
2026-04-17,4.26,3.71,0.55,55.0,False
2026-04-20,4.26,3.72,0.54,54.0,False
2026-04-21,4.3,3.78,0.52,52.0,False
2026-04-22,4.3,3.79,0.51,51.0,False
2026-04-23,4.34,3.83,0.51,51.0,False
2026-04-24,4.31,3.78,0.53,53.0,False
2026-04-27,4.35,3.78,0.57,57.0,False
2026-04-28,4.36,3.84,0.52,52.0,False
2026-04-29,4.42,3.92,0.5,50.0,False
2026-04-30,4.4,3.88,0.52,52.0,False
2026-05-01,4.39,3.88,0.51,51.0,False
2026-05-04,4.45,3.95,0.5,50.0,False
2026-05-05,4.43,3.93,0.5,50.0,False
2026-05-06,4.36,3.87,0.49,49.0,False
2026-05-07,4.41,3.92,0.49,49.0,False
2026-05-08,4.38,3.9,0.48,48.0,False
2026-05-11,4.42,3.95,0.47,47.0,False
2026-05-12,4.46,4.0,0.46,46.0,False
2026-05-13,4.46,3.98,0.48,48.0,False
2026-05-14,4.47,4.0,0.47,47.0,False
2026-05-15,4.59,4.09,0.5,50.0,False
2026-05-18,4.61,4.07,0.54,54.0,False
2026-05-19,4.67,4.13,0.54,54.0,False
2026-05-20,4.57,4.04,0.53,53.0,False
2026-05-21,4.57,4.08,0.49,49.0,False
2026-05-22,4.56,4.13,0.43,43.0,False
2026-05-26,4.5,4.01,0.49,49.0,False
2026-05-27,4.48,4.0,0.48,48.0,False
2026-05-28,4.45,3.99,0.46,46.0,False
2026-05-29,4.45,3.98,0.47,47.0,False
2026-06-01,4.47,4.05,0.42,42.0,False
2026-06-02,4.46,4.05,0.41,41.0,False
2026-06-03,4.49,4.08,0.41,41.0,False
2026-06-04,4.47,4.05,0.42,42.0,False
2026-06-05,4.55,4.17,0.38,38.0,False
2026-06-08,4.56,4.15,0.41,41.0,False
2026-06-09,4.53,4.13,0.4,40.0,False
2026-06-10,4.55,4.13,0.42,42.0,False
2026-06-11,4.45,4.05,0.4,40.0,False
2026-06-12,4.48,4.09,0.39,39.0,False
2026-06-15,4.47,4.07,0.4,40.0,False
2026-06-16,4.43,4.05,0.38,38.0,False
2026-06-17,4.49,4.2,0.29,29.0,False
2026-06-18,4.46,4.19,0.27,27.0,False
2026-06-22,4.51,4.24,0.27,27.0,False
2026-06-23,4.5,4.16,0.34,34.0,False
2026-06-24,4.41,4.11,0.3,30.0,False
2026-06-25,4.4,4.09,0.31,31.0,False
2026-06-26,4.38,4.07,0.31,31.0,False
2026-06-29,4.38,4.1,0.28,28.0,False
2026-06-30,4.44,4.14,0.3,30.0,False
2026-07-01,4.48,4.17,0.31,31.0,False
2026-07-02,4.49,4.14,0.35,35.0,False
2026-07-06,4.48,4.13,0.35,35.0,False
2026-07-07,4.55,4.19,0.36,36.0,False
2026-07-08,4.56,4.21,0.35,35.0,False
2026-07-09,4.54,4.16,0.38,38.0,False
2026-07-10,4.56,4.21,0.35,35.0,False
2026-07-13,4.62,4.26,0.36,36.0,False
2026-07-14,4.58,4.18,0.4,40.0,False
2026-07-15,4.55,4.13,0.42,42.0,False
2026-07-16,4.57,4.16,0.41,41.0,False
2026-07-17,4.55,4.18,0.37,37.0,False
2026-07-20,4.6,4.21,0.39,39.0,False
2026-07-21,4.63,4.26,0.37,37.0,False
2026-07-22,4.67,4.31,0.36,36.0,False
2026-07-23,4.71,4.37,0.34,34.0,False
2026-07-24,4.69,4.33,0.36,36.0,False
2026-07-27,4.65,4.31,0.34,34.0,False
2026-07-28,4.61,4.26,0.35,35.0,False
2026-07-29,4.67,4.22,0.45,45.0,False
2026-07-30,4.68,4.23,0.45,45.0,False
2026-07-31,4.75,4.28,0.47,47.0,False
2026-08-03,4.7,4.25,0.45,45.0,False
2026-08-04,4.63,4.2,0.43,43.0,False
2026-08-05,4.63,4.18,0.45,45.0,False
2026-08-06,4.69,4.25,0.44,44.0,False
2026-08-07,4.65,4.19,0.46,46.0,False
2026-08-10,4.72,4.25,0.47,47.0,False
2026-08-11,4.7,4.22,0.48,48.0,False
2026-08-12,4.68,4.2,0.48,48.0,False
2026-08-13,4.63,4.15,0.48,48.0,False
2026-08-14,4.68,4.17,0.51,51.0,False
2026-08-17,4.72,4.19,0.53,53.0,False
2026-08-18,4.71,4.19,0.52,52.0,False
2026-08-19,4.65,4.19,0.46,46.0,False
2026-08-20,4.69,4.19,0.5,50.0,False
2026-08-21,4.74,4.24,0.5,50.0,False
2026-08-24,4.7,4.24,0.46,46.0,False
2026-08-25,4.64,4.17,0.47,47.0,False
2026-08-26,4.66,4.19,0.47,47.0,False
2026-08-27,4.67,4.2,0.47,47.0,False
2026-08-28,4.73,4.34,0.39,39.0,False
2026-08-31,4.75,4.34,0.41,41.0,False
2026-09-01,4.79,4.39,0.4,40.0,False
2026-09-02,4.79,4.39,0.4,40.0,False
2026-09-03,4.77,4.34,0.43,43.0,False
